id;data_entrada;data_jogo;time_casa;time_fora;bethouse1;mercado1;valor1;odd1;aposta1;resultado1;bethouse2;mercado2;valor2;odd2;aposta2;resultado2;bethouse3;mercado3;valor3;odd3;aposta3;resultado3;lucro_estimado;lucro_per_estimado;lucro_real;lucro_per_real;esporte
20240214001;2024-02-14 18:15:00;2024-02-16 18:00:00;BSG Chemie Leipzig;Energie Cottbus;Pinnacle;AH1;0;2.89;21.75;;Vbet;AH2;0;1.65;38.1;;;;;;;;3.0112500000000004;-56.838750000000005;;;Football
20240214002;2024-02-14 18:26:00;2024-02-17 15:00:00;Tottenham Hotspur;Wolverhampton Wanderers;BetfairSB;TO;;2.8;9.67;;Bet365;TU2;;1.666;16.25;;;;;;;;1.1542499999999976;-24.765750000000004;;;Football
20240214003;2024-02-14 18:32:00;2024-02-15 17:30:00;Lorenskog IK;Valerenga Ishockey;BetfairSB;AH1;3.5;2.63;6.66;;Bet365;AH2;-3.5;1.78;9.84;;;;;;;;1.0154999999999994;-15.4845;;;Hockey
20240214004;2024-02-14 18:35:00;2024-02-15 01:00:00;Minnesota Women;Ottawa Women;Bet365;TO;4;2.1;5.46;;Betway;TU;4.5;2.15;5.33;;;;;;;;0.6727500000000006;-10.117249999999999;;;Hockey
20240214005;2024-02-14 21:04:00;2024-02-16 09:00:00;Amur Khabarovsk;Barys Astana;SportyBet;DNB1;;1.49;150.0;;Pinnacle;DNB2;;3.5;6.386;;;;;;;;-33.460499999999996;-189.8465;;;Hockey
20240215001;2024-02-15 06:44:00;2024-02-18 20:00:00;Huracan;Velez Sarsfield;Betfair Ex;1;;7.171;53.97;;SportyBet;AH2;0.5;1.29;300.0;;;;;;;;33.03943499999997;-320.930565;;;Football
20240215002;2024-02-15 06:51:00;2024-02-16 18:30:00;Niendorfer TSV;TuRa Harksheide;BetfairSB;1;;2.5;21.71;;Pinnacle;AH2;0.5;1.826;29.72;;;;;;;;2.841860000000004;-48.588139999999996;;;Football
20240215003;2024-02-15 07:03:00;2024-02-16 18:30:00;Herlev Eagles;Rodovre Mighty Bulls;Favbet;AH1;0;2.01;10.02;;Pinnacle;AH2;0;2.27;8.87;;;;;;;;1.2475499999999986;-17.64245;;;Hockey
20240215004;2024-02-15 07:52:00;2024-02-15 10:00:00;Kellovsky Dominik;Marino Pietro;Pinnacle;DNB1;;1.704;19.37;;Bet365;DNB2;;2.75;12.0;;;;;;;;1.6332400000000007;-29.73676;;;Tennis
20240215005;2024-02-15 08:04:00;2024-02-18 12:30:00;RSCA Futures;Patro Eisden Maasmechelen;Bet365;TO;;2.5;46.67;;Pinnacle;TU;;1.806;64.6;;;;;;;;5.401300000000006;-105.86869999999999;;;Football
20240215006;2024-02-15 08:08:00;2024-02-18 18:00:00;Dynamo Bucuresti;Otelul Galati;Bet365;TO;;1.9;38.89;;Pinnacle;TU;;2.39;30.919;;;;;;;;4.084704999999996;-65.724295;;;Football
20240215007;2024-02-15 08:09:00;2024-02-18 18:00:00;Dynamo Bucuresti;Otelul Galati;Bet365;TO;;3.0;35.0;;Pinnacle;TU;;1.632;64.34;;;;;;;;5.661439999999999;-93.67856;;;Football
20240215008;2024-02-15 08:11:00;2024-02-17 14:00:00;Angers SCO;AS Saint-Etienne;Pinnacle;TO;;2.41;31.61;;Bet365;TU;;1.85;41.18;;;;;;;;3.3915500000000094;-69.39845;;;Football
20240215009;2024-02-15 08:12:00;2024-02-17 14:00:00;Angers SCO;AS Saint-Etienne;Pinnacle;TO;;2.18;25.38;;Bet365;TU;;2.025;27.32;;;;;;;;2.625700000000002;-50.074299999999994;;;Football
20240215010;2024-02-15 09:01:00;2024-02-15 20:00:00;Eintracht Frankfurt;Unicorns Of Love;Betfair Ex;DNB1;;1.767;15.56;;Bet365;DNB2;;2.75;10.0;;;;;;;;1.9372599999999984;-23.62274;;;e-Sports
20240215011;2024-02-15 09:02:00;2024-02-15 20:00:00;Eintracht Frankfurt;Unicorns Of Love;Betfair Ex;DNB1;;1.767;14.139;;Favbet;DNB2;;2.55;9.8;;;;;;;;1.0478064999999983;-22.8911935;;;e-Sports
20240215012;2024-02-15 12:43:00;2024-02-16 08:45:00;Newcastle Jets;Western United;Favbet;TO;;2.14;23.68;;Pinnacle;TU;;2.1;24.13;;;;;;;;2.864100000000004;-44.945899999999995;;;Football
20240215015;2024-02-15 13:46:00;2024-02-15 20:00:00;Eintracht Spandau;Unicorns of Love Sexy Edition;Betfair Ex;DNB1;;1.757;303.0;;Bet365;DNB2;;2.75;194.0;;;;;;;;35.93549999999999;-461.0645;;;e-Sports
20240215016;2024-02-15 13:46:00;2024-02-15 20:00:00;Eintracht Spandau;Unicorns of Love Sexy Edition;Betfair Ex;DNB1;;1.757;303.0;;Bet365;DNB2;;2.75;194.0;;;;;;;;35.93549999999999;-461.0645;;;e-Sports
20240215017;2024-02-15 13:46:00;2024-02-15 20:00:00;Eintracht Spandau;Unicorns of Love Sexy Edition;Betfair Ex;DNB1;;1.757;19.999;;Bet365;DNB2;;2.75;12.799;;;;;;;;2.369746499999998;-30.4282535;;;e-Sports
20240215018;2024-02-15 13:46:00;2024-02-15 20:00:00;Eintracht Spandau;Unicorns of Love Sexy Edition;Betfair Ex;DNB1;;1.757;19.999;;Bet365;DNB2;;2.75;12.799;;;;;;;;2.369746499999998;-30.4282535;;;e-Sports
20240215019;2024-02-15 13:46:00;2024-02-15 20:00:00;Eintracht Spandau;Unicorns of Love Sexy Edition;Betfair Ex;DNB1;;1.757;19.999;;Bet365;DNB2;;2.75;12.799;;;;;;;;2.369746499999998;-30.4282535;;;e-Sports
20240215020;2024-02-15 13:46:00;2024-02-15 20:00:00;Eintracht Spandau;Unicorns of Love Sexy Edition;Betfair Ex;DNB1;;1.757;303.0;;Bet365;DNB2;;2.75;194.0;;;;;;;;35.93549999999999;-461.0645;;;e-Sports
20240215013;2024-02-15 13:46:00;2024-02-15 20:00:00;Eintracht Spandau;Unicorns of Love Sexy Edition;Betfair Ex;DNB1;;1.757;303.0;;Bet365;DNB2;;2.75;194.0;;;;;;;;35.93549999999999;-461.0645;;;e-Sports
20240215014;2024-02-15 13:46:00;2024-02-15 20:00:00;Eintracht Spandau;Unicorns of Love Sexy Edition;Betfair Ex;DNB1;;1.757;303.0;;Bet365;DNB2;;2.75;194.0;;;;;;;;35.93549999999999;-461.0645;;;e-Sports
20240215021;2024-02-15 14:11:00;2024-02-16 20:00:00;Inter Milan;Salernitana;Bet365;TO;;2.0;12.669;;Favbet;TU;;2.14;11.84;;;;;;;;0.8288000000000011;-23.6802;;;Football
20240215022;2024-02-15 16:24:00;2024-02-16 21:45:00;Club America Femenino;Mazatlán FC Femenino;Betway;ScoreBoth;;2.9;5.3;;BetfairSB;Not;;1.8;8.55;;;;;;;;1.5300000000000011;-12.32;;;Football
20240215023;2024-02-15 16:26:00;2024-02-15 20:00:00;KAA Gent;Maccabi Haifa;Favbet;AH1;;2.59;35.38;;Pinnacle;AH2;;1.806;50.74;;;;;;;;5.515320000000003;-80.60468;;;Football
20240215024;2024-02-15 16:36:00;2024-02-15 20:00:00;KAA Gent;Maccabi Haifa;Favbet;AH1;;2.59;14.71;;Bet365;AH2;;1.85;20.59;;;;;;;;2.7952000000000012;-32.5048;;;Football
20240215025;2024-02-15 16:37:00;2024-02-15 20:00:00;KAA Gent;Maccabi Haifa;Pinnacle;TO;;1.98;19.66;;Favbet;TU;;2.25;17.3;;;;;;;;1.9659000000000013;-34.9941;;;Football
20240215026;2024-02-15 16:43:00;2024-02-17 15:00:00;Tottenham Hotspur;Wolverhampton Wanderers;Favbet;TO;;2.42;9.51;;Bet365;TU;;1.833;12.559;;;;;;;;0.9484234999999988;-21.1205765;;;Football
20240215027;2024-02-15 16:53:00;2024-02-17 17:30:00;Chelsea;Manchester City;Favbet;TO;;2.6;8.44;;Bet365;TU;;1.75;12.54;;;;;;;;0.964500000000001;-20.015499999999996;;;Football
20240215028;2024-02-15 16:53:00;2024-02-17 17:30:00;Chelsea;Manchester City;Favbet;TO;;2.6;8.44;;Bet365;TU;;1.75;12.54;;;;;;;;0.964500000000001;-20.015499999999996;;;Football
20240215029;2024-02-15 17:29:00;2024-02-15 17:45:00;Feyenoord;AS Roma;Favbet;AH1;;2.19;27.579;;Pinnacle;AH2;;2.01;30.05;;;;;;;;2.7702549999999952;-54.858745000000006;;;Football
20240215030;2024-02-15 17:47:00;2024-02-17 15:00:00;Tottenham Hotspur;Wolverhampton Wanderers;Favbet;TO;;2.42;9.51;;Bet365;TU;;1.83;12.58;;;;;;;;0.9277999999999995;-21.1622;;;Football
20240215031;2024-02-15 18:11:00;2024-02-17 15:00:00;Blackburn Rovers;Preston North End;Bet365;TO;;2.025;5.07;;Favbet;TU;;2.21;4.65;;;;;;;;0.5516249999999996;-9.168375000000001;;;Football
20240215032;2024-02-15 18:11:00;2024-02-17 15:00:00;Rotherham United;Watford;Bet365;TO;;1.9;5.14;;Favbet;TU;;2.36;4.14;;;;;;;;0.4881999999999991;-8.7918;;;Football
20240215033;2024-02-15 18:11:00;2024-02-17 15:00:00;Rotherham United;Watford;Bet365;TO;;1.9;5.14;;Favbet;TU;;2.36;4.14;;;;;;;;0.4881999999999991;-8.7918;;;Football
20240215034;2024-02-15 18:13:00;2024-02-16 13:00:00;Fancy United;Rapid Lofi;Favbet;AH1;-1.5;1.55;16.31;;Bet365;AH2;1.5;3.25;7.78;;;;;;;;1.192750000000001;-22.89725;;;e-Sports
20240215035;2024-02-15 21:29:00;2024-02-16 21:45:00;Club America Femenino;Mazatlán FC Femenino;BetfairSB;TO;5.5;3.1;2.78;;Favbet;TU;5.5;1.76;4.9;;;;;;;;0.9410000000000007;-6.738999999999999;;;Football
20240216001;2024-02-16 03:48:00;2024-02-17 15:00:00;Blackburn Rovers;Preston North End;Bet365;TO;;2.025;5.07;;Favbet;TU;;2.21;4.65;;;;;;;;0.5516249999999996;-9.168375000000001;;;Football
20240216002;2024-02-16 03:49:00;2024-02-17 15:00:00;Tottenham Hotspur;Wolverhampton Wanderers;Favbet;TO;;2.42;9.47;;Bet365;TU;;1.833;12.499;;;;;;;;0.9450334999999992;-21.0239665;;;Football
20240216003;2024-02-16 03:51:00;2024-02-16 18:00:00;Lecce;Torino;Bet365;TO1;;1.666;12.609;;Favbet;TU1;;2.8;7.5;;;;;;;;0.8942969999999999;-19.214703;;;Football
20240216004;2024-02-16 04:14:00;2024-02-16 19:45:00;Ballyfermot United;Wayside Celtic FC;Bet365;1X;;3.75;6.36;;BetfairSB;2;;1.46;16.34;;;;;;;;1.1532000000000018;-21.546799999999998;;;Football
20240216005;2024-02-16 04:15:00;2024-02-17 15:00:00;Blackburn Rovers;Preston North End;Bet365;TO;;2.025;5.1;;Favbet;TU;;2.21;4.65;;;;;;;;0.5519999999999996;-9.198;;;Football
20240216006;2024-02-16 04:33:00;2024-02-17 05:00:00;Buriram United;King of Gamers Club;Bet365;DNB1;;2.37;10.18;;Pinnacle E-sports;DNB2;;1.862;12.959;;;;;;;;0.9891290000000001;-22.149870999999997;;;e-Sports
20240216007;2024-02-16 05:01:00;2024-02-16 14:00:00;HB Chelghoum Laid;USM Annaba;Betfair Ex;1;;1.972;170.69;;Pinnacle;AH2;0.5;2.42;139.09;;;;;;;;26.819240000000008;-282.96076;;;Football
20240218001;2024-02-18 06:24:00;2024-02-18 14:30:00;Eintracht Frankfurt;Freiburg;Bet365;TO2;;1.833;12.31;;Favbet;TU2;;2.49;9.06;;;;;;;;1.1918150000000018;-20.178185;;;Football
20240218002;2024-02-18 06:28:00;2024-02-18 12:00:00;Lorient;Strasbourg Alsace;Favbet;AH1;;2.56;4.33;;Vbet;AH2;;1.95;5.68;;;;;;;;1.0703999999999994;-8.9396;;;Football
20240218003;2024-02-18 06:32:00;2024-02-24 08:45:00;Adelaide United;Western Sydney Wanderers;Bet365;TO;3;2.025;170.73;;Pinnacle;TU;3;2.16;160.06;;;;;;;;14.938924999999983;-315.85107500000004;;;Football
20240219001;2024-02-19 06:46:00;2024-02-25 11:00:00;Kolos Kovalivka;Veres Rivne;Vbet;TO2;1;2.95;44.0;;Favbet;TU2;1;1.77;73.05;;;;;;;;12.499250000000004;-104.55075;;;Football
20240219002;2024-02-19 06:47:00;2024-02-25 11:00:00;Kolos Kovalivka;Veres Rivne;Vbet;TO2;0.5;1.73;5.099;;Favbet;TU2;0.5;2.76;31.96;;;;;;;;11.456434999999995;-25.602565000000006;;;Football
20240219003;2024-02-19 07:22:00;2024-02-20 19:00:00;Mors-Thy;Tvis Holstebro;Bet365;DNB1;;2.25;16.8;;Pinnacle;DNB2;;1.96;19.29;;;;;;;;1.7142000000000017;-34.3758;;;Handball
20240219004;2024-02-19 08:23:00;2024-02-20 19:45:00;Blackburn Rovers;Cardiff City;BetfairSB;TO;;2.5;11.55;;SportyBet;TU;;1.8;16.0;;;;;;;;1.2874999999999996;-26.262500000000003;;;Football
20240219005;2024-02-19 08:52:00;2024-02-19 21:00:00;Edmonton Oil Kings;Medicine Hat Tigers;Pinnacle;DNB1;;2.49;9.22;;Favbet;DNB2;;1.79;12.819;;;;;;;;0.9129050000000003;-21.126095;;;Hockey
20240219006;2024-02-19 11:27:00;2024-02-19 19:45:00;Glenavon FC U20;Linfield U20;BetfairSB;TO;5.5;2.8;2.55;;Pinnacle;TU;5.5;1.709;4.18;;;;;;;;0.41180999999999957;-6.3181899999999995;;;Football
20240219007;2024-02-19 11:28:00;2024-02-19 13:00:00;Azam FC;Tabora United FC;Vbet;AH1;-1;1.76;9.25;;Favbet;AH2;1;2.64;6.17;;;;;;;;0.8644000000000016;-14.555599999999998;;;Football
20240219008;2024-02-19 11:30:00;2024-02-24 12:30:00;Bromley FC;Eastleigh FC;Bet365;1;;2.1;159.09;;Betfair Ex;Lay;;2.113;158.11;;;;;;;;16.887714999999986;-300.31228500000003;;;Football
20240219009;2024-02-19 11:32:00;2024-02-24 12:30:00;Bromley FC;Eastleigh FC;SportyBet;1;;2.1;75.0;;Betfair Ex;Lay;;2.063;76.35;;;;;;;;6.155025000000009;-145.194975;;;Football
20240219010;2024-02-19 11:36:00;2024-02-24 12:30:00;Bromley FC;Eastleigh FC;Favbet;1;;2.07;18.93;;Betfair Ex;Lay;;2.075;18.88;;;;;;;;1.3705500000000015;-36.439449999999994;;;Football
20240219011;2024-02-19 12:01:00;2024-02-26 11:00:00;Vorskla Poltava;Zorya Luhansk;Favbet;TO;2;2.24;45.36;;Vbet;TU;2.5;1.96;51.84;;;;;;;;4.406400000000005;-92.7936;;;Football
20240219012;2024-02-19 12:24:00;2024-02-19 19:45:00;Cliftonville FC U20;Coleraine U20;Pinnacle;AH1;;2.37;15.88;;BetfairSB;2;;1.833;20.44;;;;;;;;1.2310599999999994;-35.08894;;;Football
20240219013;2024-02-19 13:18:00;2024-02-19 14:00:00;Brighton and Hove Albion U21;Stoke City U21;Favbet;AH1;0;2.38;8.15;;Pinnacle;AH2;0;1.909;10.16;;;;;;;;1.086219999999999;-17.22378;;;Football
20240219014;2024-02-19 13:28:00;2024-02-19 18:30:00;FCSB;Univ;Favbet;AH1;;2.38;16.3;;Pinnacle;AH2;;1.884;20.59;;;;;;;;1.9027799999999964;-34.98722000000001;;;Univ
20240219015;2024-02-19 13:42:00;2024-02-20 08:00:00;Melbourne Victory;Western United;Pinnacle;AH1;;1.8;28.279;;Bet365;EH2;;3.2;15.91;;;;;;;;6.718100000000003;-37.4709;;;Football
20240219016;2024-02-19 13:43:00;2024-02-20 08:00:00;Melbourne Victory;Western United;Pinnacle;AH1;;1.787;16.16;;Bet365;EHX;;5.5;5.25;;Bet365;EH2;;6.5;4.44;;3.027919999999999;-22.822080000000003;;;Football
20240219017;2024-02-19 15:03:00;2024-02-20 16:00:00;MHK Dynamo Moscow;SKA-1946;Pinnacle;DNB1;;3.52;20.62;;Vbet;DNB2;;1.52;47.76;;;;;;;;4.2087999999999965;-64.1712;;;Hockey
20240219018;2024-02-19 16:52:00;2024-02-20 20:30:00;Orsomarso SC;Tigres FC;Betway;DNB1;;2.9;5.35;;Pinnacle;AH2;;1.724;9.0;;;;;;;;1.1654999999999998;-13.1845;;;Football
20240219019;2024-02-19 16:55:00;2024-02-20 20:30:00;Orsomarso SC;Tigres FC;SportyBet;DNB1;;2.9;30.0;;Pinnacle;AH2;;1.657;52.5;;;;;;;;4.496250000000003;-78.00375;;;Football
20240219020;2024-02-19 17:27:00;2024-02-20 19:00:00;EHC Olten;HC Thurgau;BetfairSB;TO;7.5;2.63;7.12;;Pinnacle;TU;7.5;1.689;11.09;;;;;;;;0.5183049999999998;-17.691695;;;Hockey
20240219021;2024-02-19 17:43:00;2024-02-19 19:00:00;London Knights;Windsor Spitfires;1win;TO2;1.5;1.68;10.0;;Favbet;TU2;1.5;2.77;5.72;;;;;;;;0.6022000000000007;-15.117799999999999;;;Hockey
20240219022;2024-02-19 18:05:00;2024-02-19 19:00:00;West Bromwich Albion U21;Wolverhampton Wanderers U21;Pinnacle;AH1;1;2.16;10.26;;Favbet;AH2;-1;2.04;10.86;;;;;;;;1.0380000000000003;-20.082;;;Football
20240219023;2024-02-19 19:04:00;2024-02-20 13:30:00;Krasnaya Armiya;Spartak Moskow;SportyBet;AH1;0.5;1.77;50.0;;Pinnacle;2;;2.56;34.57;;;;;;;;3.9296000000000006;-80.6404;;;Hockey
20240220001;2024-02-20 05:02:00;2024-02-27 00:00:00;Team Liquid;Xtreme Gaming;Bet365;TO;;4.5;4.0;;GGbet;TU;;1.49;12.08;;;;;;;;1.919599999999999;-14.160400000000001;;;e-Sports
20240220002;2024-02-20 05:04:00;2024-02-27 00:00:00;Team Liquid;Xtreme Gaming;Bet365;TO;;2.62;8.47;;GGbet;TU;;1.85;12.0;;;;;;;;1.7257000000000016;-18.7443;;;e-Sports
20240220003;2024-02-20 05:13:00;2024-02-27 00:00:00;Shopify Rebellion;Xtreme Gaming;Bet365;TO;;4.5;37.3;;GGbet;TU;;1.4;12.0;;;;;;;;43.025000000000006;-6.2749999999999915;;;e-Sports
20240220004;2024-02-20 05:16:00;2024-02-27 00:00:00;Team Spirit;Tundra Esports;GGbet;TO;;2.56;12.0;;Bet365;TU;;1.8;17.07;;;;;;;;1.6530000000000005;-27.417;;;e-Sports
20240220005;2024-02-20 06:19:00;2024-02-20 06:30:00;Oleksandr Ziakun;Roman Zaporozhets;1win;DNB1;;2.16;7.92;;Bet365;DNB2;;5.5;3.11;;;;;;;;6.076100000000002;-4.953899999999997;;;TableTennis
20240220006;2024-02-20 06:56:00;2024-02-21 15:30:00;Almaz Cherepovets;Dinamo Shinnik Bobruysk;Pinnacle;DNB1;;2.16;19.26;;Vbet;DNB2;;2.08;20.0;;;;;;;;2.3408000000000015;-36.919200000000004;;;Hockey
20240220007;2024-02-20 07:03:00;2024-02-21 18:15:00;HC Bolzano Sudtirol;Graz 99ers;Vbet;DNB1;;1.29;85.48;;Pinnacle;DNB2;;5.47;20.16;;;;;;;;4.632200000000001;-101.0078;;;Hockey
20240220008;2024-02-20 07:05:00;2024-02-21 18:30:00;Eisbären Berlin;Kölner Haie;Favbet;TO;5;2.01;21.33;;Vbet;TU;5;2.37;18.09;;;;;;;;3.4532999999999987;-35.9667;;;Hockey
20240220009;2024-02-20 08:02:00;2024-02-21 18:00:00;Furuset;Gruner IL;1win;AH1;6.5;2.75;20.0;;Vbet;AH2;-6.5;1.84;29.51;;;;;;;;5.139200000000002;-44.3708;;;Hockey
20240220010;2024-02-20 08:09:00;2024-02-20 09:00:00;FunPlus Phoenix;LNG Esports;Favbet;TO;;2.1;18.4;;Bet365;TU;;2.1;18.0;;;;;;;;1.8200000000000038;-34.58;;;e-Sports
20240220011;2024-02-20 11:36:00;2024-02-25 12:00:00;AFC Progresul 1944 Spartac;FC Gloria Buzau;Favbet;TU2;3;2.08;6.24;;BetfairSB;TO2;2.5;2.0;3.37;;BetfairSB;TO2;3.5;4.0;1.56;;1.8092000000000001;-9.3608;;;Football
20240220012;2024-02-20 11:39:00;2024-02-25 12:00:00;AFC Progresul 1944 Spartac;FC Gloria Buzau;Favbet;1X;;3.05;6.59;;BetfairSB;2;;1.65;12.18;;;;;;;;1.3282499999999988;-17.44175;;;Football
20240220013;2024-02-20 12:31:00;2024-02-20 13:30:00;Fleetwood Town (U21);Sheffield United (U21);Favbet;AH1;-1;3.65;4.25;;Pinnacle;AH2;1;1.775;9.16;;;;;;;;2.4757499999999997;-10.93425;;;Football
20240220014;2024-02-20 12:32:00;2024-02-20 13:30:00;Fleetwood Town (U21);Sheffield United (U21);Favbet;1;;2.44;6.24;;Pinnacle;AH2;0.5;2.21;6.9;;;;;;;;2.0972999999999997;-11.0427;;;Football
20240220015;2024-02-20 13:17:00;2024-02-25 14:00:00;GNK Dinamo Zagreb;HNK Rijeka;Pinnacle;AH1;-1;3.13;29.0;;Favbet;AH2;1;1.61;55.33;;;;;;;;5.595649999999999;-78.73435;;;Football
20240220016;2024-02-20 13:18:00;2024-02-25 14:00:00;GNK Dinamo Zagreb;HNK Rijeka;Pinnacle;TO1;1.5;2.1;62.18;;Favbet;TU1;1.5;2.07;63.08;;;;;;;;5.316799999999986;-119.94320000000002;;;Football
20240220017;2024-02-20 14:27:00;2024-02-23 19:45:00;Caernarfon Town;The New Saints FC;Bet365;ScoreBoth;;2.25;6.44;;BetfairSB;Not;;2.0;7.24;;;;;;;;0.8049999999999997;-12.875;;;Football
20240220018;2024-02-20 18:55:00;2024-02-20 23:00:00;CD Barranquilla FC;Club Union Magdalena;SportyBet;1;;4.8;20.0;;Betfair Ex;Lay;;1.367;70.23;;;;;;;;5.772205;-84.457795;;;Football
20240220019;2024-02-20 19:05:00;2024-02-20 23:00:00;CD Barranquilla FC;Club Union Magdalena;Vbet;1;;3.57;9.65;;Betfair Ex;Lay;;1.557;22.13;;;;;;;;2.6734550000000006;-29.106544999999997;;;Football
20240220020;2024-02-20 19:08:00;2024-02-20 23:00:00;CD Barranquilla FC;Club Union Magdalena;Vbet;AH1;;3.57;9.65;;Betfair Ex;Lay;;1.497;23.01;;;;;;;;1.7882350000000002;-30.871765000000003;;;Football
20240220021;2024-02-20 19:10:00;2024-02-20 23:00:00;CD Barranquilla FC;Club Union Magdalena;SportyBet;TO;;2.95;30.0;;Betfair Ex;Lay;;1.668;5.306;;;;;;;;13.369204000000002;-21.936795999999998;;;Football
20240220022;2024-02-20 19:34:00;2024-02-20 20:00:00;Port Vale;Reading;Bet365;TO2;;2.2;86.8;;GGbet;TU2;;2.01;95.0;;;;;;;;9.155000000000001;-172.64499999999998;;;Football
20240220023;2024-02-20 19:35:00;2024-02-20 20:15:00;SS Folgore Falciano Calcio;AC Libertas;Vbet;AH1;-1;2.33;18.64;;Pinnacle;AH2;1;1.884;22.999;;;;;;;;1.741658000000001;-39.897341999999995;;;Football
20240220024;2024-02-20 21:25:00;2024-02-21 10:30:00;Mighty Tiger Gaming;Qing Jiu Club;GGbet;DNB1;;2.08;12.0;;Bet365;DNB2;;2.1;11.89;;;;;;;;1.0745000000000005;-22.8155;;;e-Sports
20240221001;2024-02-21 04:24:00;2024-02-21 19:30:00;Liverpool;Luton Town;BetfairSB;TO;;2.3;16.6;;Favbet;TU1;;2.13;17.92;;;;;;;;3.654799999999998;-30.865200000000005;;;Football
20240221002;2024-02-21 04:26:00;2024-02-21 19:30:00;Liverpool;Luton Town;BetfairSB;TO;;2.75;13.999;;Bet365;TU1;;1.833;21.0;;;;;;;;3.4961249999999993;-31.502875000000003;;;Football
20240221003;2024-02-21 04:27:00;2024-02-21 19:30:00;Liverpool;Luton Town;BetfairSB;TO;;2.75;10.84;;Favbet;TU1;;1.79;16.65;;;;;;;;2.3167500000000008;-25.173249999999996;;;Football
20240221004;2024-02-21 04:41:00;2024-02-27 00:00:00;Shopify Rebellion;Tundra Esports;GGbet;TO;;2.44;12.0;;Bet365;TU;;1.83;16.0;;;;;;;;1.2800000000000011;-26.72;;;e-Sports
20240221005;2024-02-21 05:13:00;2024-02-22 17:00:00;Chicago Wolves;Milwaukee Admirals;Favbet;DNB1;;2.42;17.83;;Pinnacle;DNB2;;1.806;23.89;;;;;;;;1.4269700000000007;-40.29303;;;Hockey
20240221006;2024-02-21 05:44:00;2024-02-22 17:30:00;CSM Ceahlaul Piatra Neamt;CS Concordia Chiajna;Pinnacle;AH1;0;3.36;22.13;;Vbet;AH2;0;1.5;49.58;;;;;;;;2.653400000000005;-69.05659999999999;;;Football
20240221007;2024-02-21 05:45:00;2024-02-21 11:00:00;Gol Gohar Sirjan FC;Paykan FC;Vbet;AH1;-1.25;2.26;25.78;;Bet365;AH2;1.25;1.925;30.269;;;;;;;;2.2163124999999972;-53.832687500000006;;;Football
20240221008;2024-02-21 06:40:00;2024-02-21 11:00:00;Bangkok United FC;Yokohama;SportyBet;TO1;;1.98;10.0;;Favbet;TU1;;2.23;8.88;;;;;;;;0.9212000000000007;-17.9588;;;F
20240221009;2024-02-21 10:18:00;2024-02-21 20:00:00;Barcelona;Napoli;Favbet;TO1;;2.6;12.66;;Vbet;TU1;;1.85;17.79;;;;;;;;2.463750000000001;-27.98625;;;Football
20240221010;2024-02-21 10:19:00;2024-02-21 19:30:00;Liverpool;Luton Town;Favbet;AH1;;2.25;16.2;;Vbet;AH2;;2.02;18.0;;;;;;;;2.2049999999999983;-31.995;;;Football
20240221011;2024-02-21 10:20:00;2024-02-21 19:30:00;Liverpool;Luton Town;Favbet;TO1;;2.65;12.27;;Vbet;TU1;;1.77;18.37;;;;;;;;1.8751999999999995;-28.7648;;;Football
20240221012;2024-02-21 11:21:00;2024-02-21 19:45:00;London Bees (Women);Milton Keynes Dons (Women);Vbet;ScoreBoth;;2.75;4.62;;BetfairSB;Not;;1.83;6.95;;;;;;;;1.141750000000001;-10.428249999999998;;;Football
20240221013;2024-02-21 12:19:00;2024-02-21 18:00:00;Achi Akko;Beitar Nahariya;BetfairSB;Not;;2.05;10.36;;Pinnacle;TO1;0.5;2.05;10.36;;;;;;;;0.5179999999999971;-20.202;;;Football
20240221014;2024-02-21 12:46:00;2024-02-21 20:00:00;G2 Esports;Team Bliss;Favbet;AH1;-1.5;1.85;12.679;;BetfairSB;AH2;1.5;2.63;8.92;;;;;;;;1.8588749999999994;-19.740125;;;e-Sports
20240221015;2024-02-21 13:01:00;2024-02-21 17:00:00;KAA Gent;Maccabi Haifa;Favbet;AH1;;2.12;10.5;;Vbet;AH2;;2.23;10.0;;;;;;;;1.7800000000000011;-18.72;;;Football
20240221016;2024-02-21 13:04:00;2024-02-24 12:00:00;Osters IF;Varbergs BoIS FC;Favbet;AH1;0;2.71;16.45;;Pinnacle;AH2;0;1.787;24.95;;;;;;;;3.1825749999999964;-38.217425000000006;;;Football
20240221017;2024-02-21 13:05:00;2024-02-24 12:00:00;Osters IF;Varbergs BoIS FC;Favbet;1;;3.7;10.42;;Pinnacle;X;;3.79;4.58;;Pinnacle;AH2;0;1.819;21.2;;2.3540000000000028;-33.846;;;Football
20240221018;2024-02-21 13:06:00;2024-02-24 12:00:00;Osters IF;Varbergs BoIS FC;Favbet;AH1;-0.5;3.7;10.42;;Pinnacle;X;;3.79;4.58;;Pinnacle;AH2;0;1.819;21.2;;2.3540000000000028;-33.846;;;Football
20240221019;2024-02-21 13:14:00;2024-02-24 20:00:00;Deportivo Madryn;Gimnasia Y Tiro de Salta;Pinnacle;TO;2;2.6;28.85;;Bet365;TU;2;1.875;40.0;;;;;;;;6.155000000000001;-62.695;;;Football
20240221020;2024-02-21 13:15:00;2024-02-24 20:00:00;Deportivo Madryn;Gimnasia Y Tiro de Salta;Pinnacle;TO;2;2.5;17.98;;Favbet;TU;2;1.82;24.699;;;;;;;;2.272090000000002;-40.406909999999996;;;Football
20240221021;2024-02-21 13:28:00;2024-02-21 19:30:00;Liverpool;Luton Town;Bet365;TO2;;2.0;6.11;;Favbet;TU2;;2.39;5.11;;;;;;;;0.9964500000000003;-10.22355;;;Football
20240221022;2024-02-21 13:32:00;2024-02-21 20:00:00;Barcelona;Napoli;BetfairSB;TO;;2.63;17.7;;Favbet;TU1;;1.77;26.3;;;;;;;;2.5509999999999984;-41.449;;;Football
20240221023;2024-02-21 13:32:00;2024-02-21 20:00:00;Barcelona;Napoli;BetfairSB;TO;;2.1;22.83;;Favbet;TU1;;2.22;21.599;;;;;;;;3.5173900000000025;-40.911609999999996;;;Football
20240221024;2024-02-21 14:07:00;2024-02-21 20:00:00;Arsenal L;Porto;BetfairSB;TO;;2.2;18.23;;Favbet;TU2;;2.02;19.85;;;;;;;;2.0214999999999996;-36.0585;;;Football
20240221025;2024-02-21 14:48:00;2024-02-22 18:15:00;BSV Bern Muri;HSC Kreuzlingen;1win;AH1;-6.5;2.47;200.0;;Pinnacle;AH2;6.5;1.826;270.54;;;;;;;;23.46302000000003;-447.07698;;;Handball
20240221026;2024-02-21 15:01:00;2024-02-24 12:00:00;Degerfors IF;GAIS;Pinnacle;AH1;0;1.826;24.41;;Favbet;AH2;0;2.71;16.45;;;;;;;;3.716079999999998;-37.14392;;;Football
20240221027;2024-02-21 15:01:00;2024-02-24 12:00:00;Degerfors IF;GAIS;Pinnacle;AH1;0.5;1.606;24.01;;Favbet;2;;3.7;10.42;;;;;;;;4.127030000000003;-30.302970000000002;;;Football
20240221028;2024-02-21 17:37:00;2024-02-23 00:10:00;Cuba;USA;Pinnacle;AH1;36.5;1.925;68.83;;1win;AH2;-36.5;2.65;50.0;;;;;;;;13.668875;-105.161125;;;Basketball
20240221029;2024-02-21 19:22:00;2024-02-21 23:00:00;CSA;Dimensao Saude;Bet365;TU;3.75;1.95;18.42;;BetfairSB;TO;3.5;2.05;13.03;;BetfairSB;TO;4.5;3.7;2.49;;1.9790000000000028;-31.961;;;Football
20240221030;2024-02-21 20:12:00;2024-02-23 08:00:00;Ладья;МХК Молот;Vbet;DNB1;;1.81;30.42;;Pinnacle;DNB2;;2.54;21.68;;;;;;;;2.9636999999999993;-49.136300000000006;;;Hockey
20240222001;2024-02-22 09:12:00;2024-02-22 17:45:00;AC Milan;Stade Rennais;Vbet;TO2;;1.96;18.73;;Favbet;TU2;;2.23;16.46;;;;;;;;1.5183;-33.6717;;;Football
20240222002;2024-02-22 09:21:00;2024-02-22 16:00:00;Sokol Kiev;HC Tryzub Kyiv;Vbet;TO;8.5;2.9;31.999;;Favbet;TU;8.5;1.94;4.79;;;;;;;;14.255850000000004;-22.533149999999992;;;Hockey
20240222003;2024-02-22 09:21:00;2024-02-22 16:00:00;Sokol Kiev;HC Tryzub Kyiv;Vbet;AH1;-6;3.15;3.6;;Favbet;AH2;6.5;1.96;5.789;;;;;;;;1.9542200000000003;-7.43478;;;Hockey
20240222004;2024-02-22 11:22:00;2024-02-22 17:45:00;AC Milan;Stade Rennais;Vbet;TO2;;2.17;5.71;;Favbet;TU2;;2.23;5.56;;;;;;;;1.1247499999999997;-10.14525;;;Football
20240222005;2024-02-22 11:30:00;2024-02-23 19:15:00;HC Briancon;Grenoble Bruleurs de Loups;1win;TO1;1.5;2.55;23.499;;GGbet;TU1;1.5;2.0;300.0;;;;;;;;6.4622249999999894;-317.03677500000003;;;Hockey
20240222006;2024-02-22 11:36:00;2024-02-25 01:00:00;Antonio Vargas;Jonathan Rodriguez;GGbet;DNB1;;1.65;25.0;;Vbet;DNB2;;3.05;13.31;;;;;;;;2.61275;-35.697250000000004;;;Boxing
20240222007;2024-02-22 11:38:00;2024-02-25 01:00:00;Antonio Vargas;Jonathan Rodriguez;GGbet;DNB1;;1.65;87.0;;Vbet;DNB2;;3.0;48.06;;;;;;;;8.804999999999993;-126.25500000000001;;;Boxing
20240222008;2024-02-22 11:54:00;2024-02-23 19:15:00;HC Briancon;Grenoble Bruleurs de Loups;BetfairSB;TO1;1.5;2.75;4.98;;Favbet;TU1;1.5;1.73;7.919;;;;;;;;0.7984349999999996;-12.100565;;;Hockey
20240222009;2024-02-22 13:34:00;2024-02-24 15:15:00;FC Barcelona;Getafe CF;Favbet;TO;;2.32;28.8;;Bet365;TU;;2.1;31.82;;;;;;;;6.199000000000005;-54.42099999999999;;;Football
20240222010;2024-02-22 13:36:00;2024-02-24 20:00:00;UD Almeria;Atletico Madrid;Bet365;TO;;2.2;29.17;;Favbet;TU;;2.11;30.41;;;;;;;;4.589549999999999;-54.99045;;;Football
20240222011;2024-02-22 13:37:00;2024-02-24 20:00:00;UD Almeria;Atletico Madrid;Bet365;TO1;;2.5;23.33;;Favbet;TU1;;1.79;32.58;;;;;;;;2.4116;-53.4984;;;Football
20240222012;2024-02-22 13:42:00;2024-02-25 13:30:00;Sheffield United;Wolverhampton Wanderers;Favbet;AH1;;1.88;15.34;;Bet365;AH2;;1.975;6.84;;Bet365;EH2;;3.25;4.72;;1.9391999999999987;-24.9608;;;Football
20240222013;2024-02-22 13:45:00;2024-02-25 13:30:00;Sheffield United;Wolverhampton Wanderers;Favbet;AH1;;1.36;37.5;;SportyBet;X;;5.2;2.6;;Bet365;EH2;;6.5;7.85;;3.050000000000008;-44.89999999999999;;;Football
20240222014;2024-02-22 13:46:00;2024-02-25 13:30:00;Sheffield United;Wolverhampton Wanderers;Favbet;AH1;;2.26;9.7;;Bet365;AH2;;1.975;11.1;;;;;;;;1.1222499999999993;-19.67775;;;Football
20240222015;2024-02-22 16:31:00;2024-02-22 17:00:00;Mogo;HS Riga;Vbet;TO2;2;2.95;7.89;;Favbet;TU2;2;1.77;13.149;;;;;;;;2.235615000000001;-18.803385;;;Hockey
20240223001;2024-02-23 17:13:00;2024-02-25 11:00:00;G2.iG;OG;Bet365;TO;;2.75;8.0;;Favbet;TU;;1.86;11.83;;;;;;;;2.171900000000001;-17.658099999999997;;;e-Sports
20240223002;2024-02-23 17:18:00;2024-02-25 13:30:00;Sheffield United;Wolverhampton Wanderers;Favbet;TO1;;2.34;25.19;;Bet365;TU1;;2.0;29.5;;;;;;;;4.282299999999999;-50.407700000000006;;;Football
20240223003;2024-02-23 17:36:00;2024-02-25 17:00:00;Inter Milan;Lecce;Vbet;TO;;3.47;6.09;;Favbet;TU;;1.43;14.78;;;;;;;;0.2638499999999997;-20.60615;;;Football
20240223004;2024-02-23 17:38:00;2024-02-23 18:30:00;Berlin Turkspor;Stern Britz;BetfairSB;1;;2.0;23.39;;Vbet;AH2;0.5;2.13;21.96;;;;;;;;1.4273999999999987;-43.9226;;;Football
20240223005;2024-02-23 17:41:00;2024-02-24 20:00:00;UD Almeria;Atletico Madrid;Pinnacle;TO;;2.08;38.15;;Favbet;TU;;2.11;37.61;;;;;;;;3.594549999999998;-72.16544999999999;;;Football
20240223006;2024-02-23 17:50:00;2024-02-24 15:00:00;Hanvikens SK;Pitea HC;Vbet;TO;5;2.37;18.12;;Pinnacle;TU;5;1.826;23.52;;;;;;;;1.3059600000000025;-40.33404;;;Hockey
20240223007;2024-02-23 17:59:00;2024-02-24 19:30:00;Aluron Virtu Warta Zawiercie;LUK Lublin;Vbet;TO;;1.7;9.27;;Favbet;TU;;2.8;5.63;;;;;;;;0.8614999999999995;-14.038499999999999;;;Volleyball
20240223008;2024-02-23 18:07:00;2024-02-23 19:00:00;Aston Villa U21;Stoke City U21;Pinnacle;AH1;0;1.98;10.0;;Favbet;AH2;0;2.4;8.04;;;;;;;;1.5079999999999991;-16.532;;;Football
20240225001;2024-02-25 06:25:00;2024-02-25 18:00:00;Benfica;Portimonense;Favbet;AH1;;1.82;13.72;;Vbet;AH2;;2.44;10.23;;;;;;;;1.0158000000000005;-22.9342;;;Football
20240225002;2024-02-25 06:25:00;2024-02-25 18:00:00;Benfica;Portimonense;Vbet;TO2;;2.85;9.34;;Favbet;TU2;;1.79;14.87;;;;;;;;2.408150000000001;-21.801849999999998;;;Football
20240225003;2024-02-25 06:30:00;2024-02-25 13:30:00;Dynamo Kyiv;Metallist 1925;Vbet;TO1;;1.9;20.37;;Favbet;TU1;;2.39;16.19;;;;;;;;2.138550000000002;-34.42145;;;Football
20240225004;2024-02-25 06:34:00;2024-02-25 13:30:00;Dynamo Kyiv;Metallist 1925;GGbet;AH1;;3.13;7.41;;Vbet;AH1;;1.85;12.16;;Favbet;AH2;;1.97;23.2;;-19.5767;-62.3467;;;Football
20240225005;2024-02-25 06:38:00;2024-02-25 11:30:00;Frosinone Calcio;Juventus;GGbet;1X;;3.09;16.0;;Favbet;2;;1.67;29.6;;;;;;;;3.8359999999999985;-41.764;;;Football
20240225006;2024-02-25 06:42:00;2024-02-25 17:00:00;Inter Milan;Lecce;BetfairSB;TO;;2.1;17.42;;Favbet;TU1;;2.24;16.33;;;;;;;;2.830600000000004;-30.919399999999996;;;Football
20240225007;2024-02-25 06:43:00;2024-02-25 17:00:00;Inter Milan;Lecce;BetfairSB;TO;;2.5;17.98;;Favbet;TU1;;1.82;24.7;;;;;;;;2.272000000000002;-40.408;;;Football
20240225008;2024-02-25 06:51:00;2024-02-25 13:00:00;Cadiz CF;Celta de Vigo;Favbet;TO2;;2.3;10.38;;Bet365;TU2;;2.0;11.94;;;;;;;;1.5569999999999986;-20.763;;;Football
20240225009;2024-02-25 07:04:00;2024-02-25 13:30:00;Sheffield United;Wolverhampton Wanderers;Favbet;AH1;;1.81;34.91;;Bet365;EH2;;1.909;14.81;;Bet365;EH2;;3.25;10.74;;2.7270999999999965;-57.73290000000001;;;Football
20240225010;2024-02-25 07:06:00;2024-02-25 11:30:00;Frosinone Calcio;Juventus;Bet365;TO1;;2.1;15.91;;Favbet;TU1;;2.11;15.83;;;;;;;;1.66615;-30.07385;;;Football
20240225011;2024-02-25 07:35:00;2024-02-26 19:00:00;Croatia;Cyprus;Pinnacle;AH1;-31;2.39;5.99;;Favbet;AH2;32.5;1.89;7.579;;;;;;;;0.7512049999999997;-12.817795;;;Basketball
20240225012;2024-02-25 07:44:00;2024-02-25 18:30:00;Brasiliense FC;Planaltina-DF;1win;AH1;-1.75;2.25;300.0;;Pinnacle;AH2;1.75;2.15;313.95;;;;;;;;61.046249999999986;-552.90375;;;Football
20240226001;2024-02-26 09:29:00;2024-02-26 20:00:00;Girona;Rayo Vallecano;Favbet;TU;;2.59;29.72;;SportyBet;TO;;1.58;30.0;;Pinnacle;TO;;2.26;13.15;;4.1047999999999885;-68.76520000000001;;;Football
20240226002;2024-02-26 09:31:00;2024-02-26 20:00:00;Girona;Rayo Vallecano;Pinnacle;TO;;2.26;27.81;;Favbet;TU;;1.95;32.23;;;;;;;;2.8095500000000015;-57.23044999999999;;;Football
20240226003;2024-02-26 09:32:00;2024-02-27 20:00:00;LUTON;MANCHESTER CITY;Favbet;TO;;2.75;7.71;;Pinnacle;TU;;1.751;12.11;;;;;;;;1.3835549999999994;-18.436445;;;Football
20240226004;2024-02-26 09:34:00;2024-02-27 19:30:00;Bournemouth;Leicester;Favbet;TO;;2.4;9.64;;Bet365;TU;;1.925;12.02;;;;;;;;1.4772499999999997;-20.18275;;;Football
20240226005;2024-02-26 09:37:00;2024-02-26 15:00:00;Ege University;Anka Spor 2009;Bet365;DNB1;;2.1;11.43;;SportyBet;DNB2;;2.4;10.0;;;;;;;;2.5715000000000003;-18.8585;;;Basketball
20240226006;2024-02-26 11:15:00;2024-03-02 13:30:00;Veres;Vorskla Poltava;Favbet;AH1;0;3.85;19.74;;Pinnacle;AH2;0;1.495;50.84;;;;;;;;5.422400000000003;-65.1576;;;Football
20240226007;2024-02-26 11:16:00;2024-03-02 13:30:00;Veres;Vorskla Poltava;Favbet;TO;2;1.82;137.18;;Pinnacle;TU;2;2.43;102.74;;;;;;;;9.742900000000006;-230.1771;;;Football
20240226008;2024-02-26 11:17:00;2024-02-27 12:00:00;HJK Helsinki;FC Lahti;Pinnacle;AH1;0.5;2.63;16.07;;Favbet;2;;1.92;22.01;;;;;;;;4.181649999999998;-33.89835000000001;;;Football
20240226009;2024-02-26 11:24:00;2024-02-26 15:00:00;Cameroon (Wom);Nigeria (Wom);Pinnacle;AH1;2;1.584;10.4;;Favbet;AH2;-2;3.15;5.23;;;;;;;;0.8440500000000011;-14.78595;;;Football
20240226010;2024-02-26 11:36:00;2024-03-03 16:00:00;Kryvbas;Shakhtar Donetsk;Favbet;TU;3;1.95;11.842;;Pinnacle;TO;2.75;2.05;73.77;;Pinnacle;TO;3.5;2.84;28.06;;-90.5801;-204.25209999999998;;;Football
20240226011;2024-02-26 11:37:00;2024-03-03 16:00:00;Kryvbas;Shakhtar Donetsk;Pinnacle;TO;2.75;2.03;51.8;;Favbet;TU;2.75;2.15;48.91;;;;;;;;4.445249999999994;-96.26474999999999;;;Football
20240226012;2024-02-26 11:58:00;2024-02-27 17:00:00;Латвия(ж);Словакия(ж);Bet365;ScoreBoth;;4.0;5.829;;SportyBet;Not;;1.93;12.08;;;;;;;;5.406199999999998;-12.5028;;;Football
20240226013;2024-02-26 12:00:00;2024-02-27 17:00:00;Латвия(ж);Словакия(ж);SportyBet;CleanSheet2;;1.97;11.839;;Bet365;TO1;0.5;4.0;5.829;;;;;;;;5.651414999999999;-12.016585000000001;;;Football
20240226014;2024-02-26 13:52:00;2024-03-03 11:00:00;SC Dnipro-1;Obolon;Pinnacle;TO;2.5;2.16;9.512;;Favbet;TU;2.5;2.21;9.297;;;;;;;;1.737145;-17.071855;;;Football
20240226015;2024-02-26 13:53:00;2024-03-03 11:00:00;SC Dnipro-1;Obolon;Pinnacle;TO;2.75;2.46;47.71;;Favbet;TU;2.75;1.92;61.13;;;;;;;;8.528100000000002;-100.31190000000001;;;Football
20240226016;2024-02-26 14:24:00;2024-02-26 23:00:00;Grenada U20;Jamaica U20;Vbet;AH1;;2.5;15.479;;Bet365;AH2;;1.825;21.21;;;;;;;;2.0138749999999987;-34.675125;;;Football
20240226017;2024-02-26 14:48:00;2024-02-27 09:30:00;Kaylah McPhee;Polina Iatcenko;Pinnacle;DNB1;;2.33;22.63;;Vbet;DNB2;;1.9;27.75;;;;;;;;2.3464499999999973;-48.033550000000005;;;Tennis
20240226018;2024-02-26 17:27:00;2024-03-04 16:00:00;HNK Gorica;NK Rudes;BetfairSB;1;;2.0;21.71;;Favbet;AH2;0.5;2.23;19.47;;;;;;;;2.239049999999999;-38.94095;;;Football
20240226019;2024-02-26 18:07:00;2024-02-26 19:00:00;Everton U21;Fulham U21;Bwin;1;;3.4;5.39;;Betfair Ex;Lay;;1.754;10.45;;;;;;;;2.4876499999999986;-13.352350000000001;;;Football
20240226020;2024-02-26 18:08:00;2024-02-26 19:00:00;Everton U21;Fulham U21;Favbet;1;;2.92;10.55;;Betfair Ex;Lay;;1.742;17.68;;;;;;;;2.5722799999999992;-25.65772;;;Football
20240226021;2024-02-26 18:14:00;2024-02-28 19:45:00;Brighton and Hove Albion;Wolverhampton Wanderers;Bet365;TO1;;1.8;12.34;;Favbet;TU1;;2.55;8.71;;;;;;;;1.161249999999999;-19.88875;;;Football
20240226022;2024-02-26 20:07:00;2024-02-28 08:00:00;Kuznetskie Medvedi;Sibirskie Snaipery;1win;DNB1;;1.87;200.0;;Pinnacle;DNB2;;2.45;152.65;;;;;;;;21.346250000000026;-331.30375;;;Hockey
20240227001;2024-02-27 07:51:00;2024-03-02 19:30:00;Gremio FB Porto Alegrense;Guarany de Bage RS;BetfairSB;TO;2.5;2.25;11.58;;Favbet;TU;2.5;2.08;12.53;;;;;;;;1.9487000000000005;-22.161299999999997;;;Football
20240227002;2024-02-27 07:55:00;2024-02-27 17:00:00;Латвия(ж);Словакия(ж);BetfairSB;Not;;2.05;22.06;;Pinnacle;TO1;0.5;2.58;17.53;;;;;;;;5.6351999999999975;-33.954800000000006;;;Football
20240227003;2024-02-27 07:58:00;2024-02-27 17:00:00;Латвия(ж);Словакия(ж);Vbet;AH1;;4.3;19.57;;BetfairSB;2;;1.38;60.97;;;;;;;;3.6047999999999973;-76.93520000000001;;;Football
20240227004;2024-02-27 08:00:00;2024-02-27 17:00:00;Croatia Women;Norway Women;Vbet;AH1;;5.55;41.11;;BetfairSB;2;;1.34;170.28;;;;;;;;16.77785;-194.61214999999999;;;Football
20240227005;2024-02-27 08:02:00;2024-02-27 19:30:00;Bournemouth;Leicester;BetfairSB;TO;;2.2;5.69;;Favbet;TU1;;2.17;5.77;;;;;;;;1.059450000000001;-10.400549999999999;;;Football
20240227006;2024-02-27 08:02:00;2024-02-27 19:30:00;Bournemouth;Leicester;BetfairSB;TO;;2.63;58.999;;Favbet;TU1;;1.77;8.77;;;;;;;;17.576135000000008;-50.192865;;;Football
20240227007;2024-02-27 08:10:00;2024-02-28 20:00:00;Liverpool FC;Southampton FC;Favbet;TO1;;2.76;4.79;;Bet365;TU1;;1.833;7.209;;;;;;;;1.2182484999999996;-10.780751500000001;;;Football
20240227008;2024-02-27 08:10:00;2024-02-28 20:00:00;Liverpool FC;Southampton FC;Favbet;TO;;2.26;10.71;;Bet365;TU;;2.0;12.1;;;;;;;;1.3922999999999988;-21.417700000000004;;;Football
20240227009;2024-02-27 08:19:00;2024-02-28 17:30:00;Airwell Energija;HK Kurbads;SportyBet;AH1;6.5;1.68;35.0;;Vbet;AH2;-6.5;3.25;11.07;;;;;;;;1.3187499999999979;-44.751250000000006;;;Hockey
20240227010;2024-02-27 08:21:00;2024-02-27 17:00:00;HNK Hajduk Split;NK Varazdin;Favbet;AH1;;2.08;10.42;;Pinnacle;AH2;;2.23;9.72;;;;;;;;1.534600000000001;-18.6054;;;Football
20240227011;2024-02-27 08:30:00;2024-02-28 03:15:00;Brazil (Wom);Panama (Wom);Favbet;1;;1.41;24.7;;Bet365;X;;6.5;5.8;;Bet365;2;;34.0;1.06;;3.266999999999999;-28.293;;;Football
20240227012;2024-02-27 09:20:00;2024-02-27 23:10:00;Deportes Quindio;Club Union Magdalena;BetfairSB;1;;4.0;14.47;;Betfair Ex;Lay;;1.514;38.23;;;;;;;;5.180110000000003;-47.51989;;;Football
20240227013;2024-02-27 09:24:00;2024-02-27 10:30:00;Ha Noi;Ninh Binh;Bet365;DNB1;;4.33;5.25;;Favbet;DNB2;;1.38;16.47;;;;;;;;1.0105500000000003;-20.709449999999997;;;Volleyball
20240227014;2024-02-27 09:32:00;2024-02-27 23:10:00;Deportes Quindio;Club Union Magdalena;Vbet;1;;3.57;9.69;;Betfair Ex;Lay;;1.531;22.6;;;;;;;;2.3069500000000005;-29.98305;;;Football
20240227015;2024-02-27 09:33:00;2024-02-27 23:10:00;Deportes Quindio;Club Union Magdalena;Vbet;AH1;;3.4;10.38;;Betfair Ex;Lay;;1.525;23.14;;;;;;;;1.7702499999999972;-31.749750000000006;;;Football
20240227016;2024-02-27 12:07:00;2024-02-28 20:00:00;Liverpool FC;Southampton FC;Favbet;TO1;;2.76;4.79;;Bet365;TU1;;1.833;7.21;;;;;;;;1.218165;-10.781835000000001;;;Football
20240227017;2024-02-27 12:08:00;2024-02-28 20:00:00;Liverpool FC;Southampton FC;Favbet;TO;;2.26;10.71;;Pinnacle;TU;;2.0;12.1;;;;;;;;1.3922999999999988;-21.417700000000004;;;Football
20240227018;2024-02-27 12:10:00;2024-02-27 19:30:00;Bournemouth;Leicester;Vbet;TO2;;1.7;5.85;;Favbet;TU2;;3.1;32.099;;;;;;;;16.77695;-21.17205;;;Football
20240227019;2024-02-27 12:13:00;2024-02-28 19:45:00;Brighton and Hove Albion;Wolverhampton Wanderers;Favbet;TO;;2.17;11.54;;Bet365;TU;;2.0;12.52;;;;;;;;0.9809000000000001;-23.079099999999997;;;Football
20240227020;2024-02-27 12:17:00;2024-02-28 19:45:00;Brighton and Hove Albion;Wolverhampton Wanderers;Favbet;TU1;;2.11;12.16;;Bet365;TO1;;1.8;7.5;;BetfairSB;TO1;;2.5;4.86;;1.1375999999999982;-23.3824;;;Football
20240227021;2024-02-27 12:18:00;2024-02-27 13:00:00;Hungary U19(W);Portugal U19(W);Pinnacle;AH1;1.5;2.36;3.89;;BetfairSB;EH2;-1;1.91;4.81;;;;;;;;0.4837499999999997;-8.21625;;;Football
20240227022;2024-02-27 12:54:00;2024-02-28 16:30:00;FK Arsenal Tivat;FK Mornar Bar;Pinnacle;TO;2;2.0;9.35;;Favbet;TU;2;2.18;8.58;;;;;;;;0.7722000000000016;-17.157799999999998;;;Football
20240227023;2024-02-27 14:48:00;2024-02-28 02:30:00;Colorado Avalanche;Dallas Stars;Vbet;TO;6;1.81;29.28;;1win;TU;6;2.65;20.0;;;;;;;;3.718399999999999;-45.5616;;;Hockey
20240227024;2024-02-27 14:50:00;2024-02-28 02:30:00;Colorado Avalanche;Dallas Stars;Vbet;TO;7;2.65;13.66;;1win;TU;7;1.81;20.0;;;;;;;;2.5395000000000003;-31.1205;;;Hockey
20240227025;2024-02-27 17:04:00;2024-02-28 13:00:00;HNK Rijeka;NK Rudes;Bet365;TO;;2.625;9.21;;Favbet;TU;;1.87;12.93;;;;;;;;2.037675000000002;-20.102325;;;Football
20240227026;2024-02-27 17:18:00;2024-02-28 17:00:00;Dinamo Zagreb;HNK Gorica;Bet365;TO;;2.75;8.79;;Favbet;TU;;1.87;12.93;;;;;;;;2.4558000000000018;-19.264199999999995;;;Football
20240227027;2024-02-27 17:19:00;2024-02-28 17:00:00;Dinamo Zagreb;HNK Gorica;Bet365;TO;;2.5;9.86;;Favbet;TU;;1.84;13.39;;;;;;;;1.3938000000000006;-21.8562;;;Football
20240227028;2024-02-27 17:32:00;2024-02-28 19:30:00;Chelsea FC;Leeds United;Favbet;TO;;2.65;8.18;;SportyBet;TU;;1.76;15.0;;;;;;;;0.8584999999999994;-22.3215;;;Football
20240227029;2024-02-27 18:07:00;2024-02-27 19:45:00;Blackburn Rovers;Newcastle United;Favbet;TO;;2.59;14.86;;Bet365;TU;;1.825;21.09;;;;;;;;2.538324999999997;-33.411675;;;Football
20240227030;2024-02-27 18:09:00;2024-02-28 19:30:00;Chelsea FC;Leeds United;Favbet;TO;;2.65;8.15;;Bet365;TU;;1.8;12.0;;;;;;;;1.4487500000000004;-18.70125;;;Football
20240227031;2024-02-27 18:34:00;2024-02-28 14:00:00;FK Decic;OFK Mladost DG;Favbet;TO;;2.01;10.02;;Pinnacle;TU;;2.25;8.95;;;;;;;;1.168849999999999;-17.80115;;;Football
20240227032;2024-02-27 21:07:00;2024-02-29 17:00:00;Al Markhiya SC;Al Wakrah;Bet365;1X;;6.0;14.0;;1win;2;;1.35;65.0;;;;;;;;6.875;-72.125;;;Football
20240228001;2024-02-28 05:39:00;2024-02-29 15:00:00;Cr Belouizdad;US Khenchela;Pinnacle;TO;1.75;2.02;243.56;;1win;TU;1.75;2.46;200.0;;;;;;;;48.435599999999994;-395.12440000000004;;;Football
20240228002;2024-02-28 05:44:00;2024-02-28 13:30:00;Rajasthan United FC;Shillong Lajong FC;Favbet;TO;;2.06;15.569;;Bet365;TU;;2.2;14.58;;;;;;;;1.9250699999999998;-28.223930000000003;;;Football
20240228003;2024-02-28 05:46:00;2024-02-28 20:00:00;Liverpool FC;Southampton FC;Favbet;TO;;2.26;10.71;;Pinnacle;TU;;1.952;12.4;;;;;;;;1.0946999999999978;-22.015300000000003;;;Football
20240228004;2024-02-28 07:21:00;2024-02-29 19:00:00;KIF Kolding Kobenhavn;Nordsjaelland Handbold;Bwin;1;;2.9;5.39;;Pinnacle;AH2;0.5;1.694;9.5;;;;;;;;0.9719999999999995;-13.918;;;Handball
20240228005;2024-02-28 08:05:00;2024-03-04 18:15:00;Olympiacos;Peristeri;Pinnacle;AH1;-7.5;1.833;327.33;;1win;AH2;7.5;3.0;200.0;;;;;;;;72.66794499999997;-454.662055;;;Basketball
20240228006;2024-02-28 08:09:00;2024-02-28 23:00:00;Canada (Wom);Costa Rica (Wom);BetfairSB;1;;1.6;8.86;;Favbet;X2;;3.5;4.05;;;;;;;;1.2655000000000003;-11.644499999999999;;;Football
20240228007;2024-02-28 08:11:00;2024-02-28 19:30:00;Chelsea FC;Leeds United;BetfairSB;TO;;2.5;5.22;;Favbet;TU1;;2.07;6.31;;;;;;;;1.5258499999999993;-10.00415;;;Football
20240228008;2024-02-28 08:12:00;2024-02-28 19:30:00;Chelsea FC;Leeds United;BetfairSB;TO;;3.1;5.25;;Favbet;TU1;;1.71;9.51;;;;;;;;1.5085500000000014;-13.251449999999998;;;Football
20240228009;2024-02-28 08:12:00;2024-02-28 19:30:00;Chelsea FC;Leeds United;Favbet;TO;;2.72;13.74;;Bet365;TU;;1.8;20.76;;;;;;;;2.8704;-31.629600000000003;;;Football
20240228010;2024-02-28 11:09:00;2024-03-01 22:00:00;Abass Baraou;Sam Eggington;GGbet;DNB1;;1.52;47.46;;Pinnacle;DNB2;;3.4;21.22;;;;;;;;3.4635999999999996;-65.2164;;;Boxing
20240228011;2024-02-28 11:12:00;2024-02-28 23:30:00;Brusque FC;Gremio Atletico Sampaio;Favbet;Q1;;1.31;18.15;;Vbet;Q2;;5.7;4.17;;;;;;;;1.4527500000000018;-20.86725;;;Football
20240228012;2024-02-28 11:21:00;2024-02-28 19:30:00;Chelsea FC;Leeds United;BetfairSB;TO;;2.5;5.22;;Favbet;TU1;;2.07;6.31;;;;;;;;1.5258499999999993;-10.00415;;;Football
20240228013;2024-02-28 11:22:00;2024-02-28 19:30:00;Chelsea FC;Leeds United;BetfairSB;TO;;3.1;5.25;;Favbet;TU1;;1.71;9.51;;;;;;;;1.5085500000000014;-13.251449999999998;;;Football
20240228014;2024-02-28 12:06:00;2024-02-28 20:00:00;Liverpool FC;Southampton FC;BetfairSB;TO;;3.75;10.99;;Vbet;TU1;;1.56;26.43;;;;;;;;3.8016499999999986;-33.61835;;;Football
20240228015;2024-02-28 12:07:00;2024-02-28 20:00:00;Liverpool FC;Southampton FC;BetfairSB;TO;;3.1;11.6;;Vbet;TU1;;1.7;21.15;;;;;;;;3.2074999999999996;-29.542499999999997;;;Football
20240228016;2024-02-28 12:08:00;2024-02-28 20:00:00;Liverpool FC;Southampton FC;BetfairSB;TO;;2.6;12.23;;Vbet;TU1;;1.87;17.01;;;;;;;;2.5633500000000016;-26.676650000000002;;;Football
20240228017;2024-02-28 13:11:00;2024-02-28 19:30:00;Chelsea FC;Leeds United;BetfairSB;TO;;3.75;11.0;;Vbet;TU1;;1.56;26.43;;;;;;;;3.8104000000000013;-33.6196;;;Football
20240228018;2024-02-28 13:12:00;2024-02-28 19:30:00;Chelsea FC;Leeds United;BetfairSB;TO;;2.5;12.5;;Vbet;TU1;;1.9;16.45;;;;;;;;2.3024999999999984;-26.6475;;;Football
20240228019;2024-02-28 13:12:00;2024-02-28 19:30:00;Chelsea FC;Leeds United;BetfairSB;TO;;2.1;13.29;;Vbet;TU1;;2.13;13.099;;;;;;;;1.515934999999999;-24.873065;;;Football
20240228020;2024-02-28 17:17:00;2024-02-28 19:45:00;Brighton and Hove Albion;Wolverhampton Wanderers;BetfairSB;TO;;3.5;12.519;;Vbet;TU1;;1.51;29.02;;;;;;;;2.279350000000001;-39.25965;;;Football
20240228021;2024-02-28 21:36:00;2024-03-01 17:00:00;FK Jablonec B;FK Usti nad Labem;SportyBet;DNB1;;3.1;19.84;;Vbet;DNB2;;1.67;36.82;;;;;;;;4.8367;-51.8233;;;Football
20240228022;2024-02-28 21:36:00;2024-03-01 17:00:00;FK Jablonec B;FK Usti nad Labem;SportyBet;DNB1;;3.1;19.84;;Vbet;AH2;0;1.67;36.82;;;;;;;;4.8367;-51.8233;;;Football
20240229001;2024-02-29 04:56:00;2024-02-29 19:30:00;Israel;Ukraine;Bet365;AH1;10.5;1.95;6.08;;Favbet;AH2;-10.5;2.32;5.11;;;;;;;;0.6655999999999995;-10.5244;;;Handball
20240229002;2024-02-29 04:59:00;2024-02-29 20:30:00;Athletic Bilbao;Atletico Madrid;Bet365;TU;;2.0;17.5;;Favbet;TO;;2.32;7.54;;SportyBet;TO;;2.7;6.48;;3.4800000000000004;-28.04;;;Football
20240229003;2024-02-29 05:02:00;2024-03-01 06:00:00;Canada;Scotland;Bet365;1;;4.75;5.13;;Bet365;X;;6.5;3.75;;Favbet;2;;1.71;14.259;;1.2285000000000004;-21.9105;;;Cricket
20240229004;2024-02-29 06:08:00;2024-02-29 20:30:00;Athletic Bilbao;Atletico Madrid;Favbet;TO;;2.31;17.66;;SportyBet;TU;;2.4;17.0;;;;;;;;6.1373;-28.5227;;;Football
20240229005;2024-02-29 06:10:00;2024-02-29 20:30:00;Athletic Bilbao;Atletico Madrid;Favbet;TO;;1.5;30.4;;SportyBet;TU;;3.8;11.999;;;;;;;;3.1990999999999996;-39.1999;;;Football
20240229006;2024-02-29 06:17:00;2024-02-29 20:30:00;Athletic Bilbao;Atletico Madrid;Favbet;TO;;2.31;18.03;;Pinnacle;TU;;1.892;22.01;;;;;;;;1.606110000000001;-38.433890000000005;;;Football
20240229007;2024-02-29 06:31:00;2024-02-29 20:30:00;Athletic Bilbao;Atletico Madrid;Favbet;TO;;2.42;16.64;;Pinnacle;TU;;1.943;20.73;;;;;;;;2.9035949999999993;-34.466405;;;Football
20240229008;2024-02-29 06:39:00;2024-02-29 20:30:00;Athletic Bilbao;Atletico Madrid;Favbet;TO;;2.42;4.02;;Pinnacle;TU;;2.08;4.68;;;;;;;;1.0313999999999997;-7.6686;;;Football
20240229009;2024-02-29 10:32:00;2024-03-01 00:00:00;Detroit Red Wings;New York Islanders;Favbet;1;;2.64;1.71;;Vbet;AH2;;1.83;2.47;;;;;;;;0.33725000000000005;-3.84275;;;Hockey
20240229010;2024-02-29 10:34:00;2024-03-01 16:00:00;Гуменне;Погронье;Pinnacle;TO;2.75;2.18;16.06;;Bet365;TU;2.75;2.0;17.5;;;;;;;;1.445400000000003;-32.114599999999996;;;Football
20240229011;2024-02-29 11:05:00;2024-03-01 00:05:00;Flint Firebirds;Windsor Spitfires;Vbet;AH1;0.25;3.15;5.78;;Vbet;X;;5.6;1.11;;Pinnacle;2;;1.787;10.19;;1.1270000000000007;-15.953;;;Hockey
20240229012;2024-02-29 12:22:00;2024-03-01 01:20:00;Koepfer Dominik;Rune Holger;Vbet;TO1;;2.1;10.01;;Favbet;TU1;;2.15;9.78;;;;;;;;1.234;-18.555999999999997;;;Tennis
20240229013;2024-02-29 12:32:00;2024-02-29 13:00:00;IK Start U19;Viking FK U19;Pinnacle;AH1;1.5;1.68;37.5;;BetfairSB;EH2;-1;3.2;1.97;;;;;;;;-4.817999999999998;-44.288;;;Football
20240229014;2024-02-29 18:06:00;2024-02-29 20:45:00;Benfica;Sporting Lisbon;Favbet;Q1;;2.28;22.61;;Vbet;Q2;;1.93;26.71;;;;;;;;2.2305499999999974;-47.08945;;;Football
20240229015;2024-02-29 18:08:00;2024-03-02 17:00:00;AC Monza Brianza 1912;AS Roma;Bet365;TO;;2.05;16.67;;Favbet;TU;;2.17;15.75;;;;;;;;1.7554999999999978;-30.664500000000004;;;Football
20240229016;2024-02-29 18:09:00;2024-02-29 23:30:00;New South Wales Blues;South Australia Redbacks;Favbet;DNB1;;1.75;31.43;;Bet365;DNB2;;2.75;20.0;;;;;;;;3.571249999999999;-47.85875;;;Cricket
20240229017;2024-02-29 18:10:00;2024-02-29 23:30:00;New South Wales Blues;South Australia Redbacks;Favbet;DNB1;;1.75;36.05;;Vbet;DNB2;;2.7;23.37;;;;;;;;3.6732499999999995;-55.746750000000006;;;Cricket
20240229018;2024-02-29 21:40:00;2024-03-02 14:00:00;Salernitana;Udinese;Bet365;TO;;2.1;23.75;;Favbet;TU;;2.18;22.88;;;;;;;;3.2467000000000006;-43.3833;;;Football
20240229019;2024-02-29 21:41:00;2024-03-02 19:30:00;EC Sao Luiz RS;FC Santa Cruz RS;Favbet;1;;1.63;22.39;;Vbet;X;;6.6;5.499;;BetfairSB;2;;10.0;36.499;;-27.892300000000002;-92.28030000000001;;;Football
20240229020;2024-02-29 21:47:00;2024-03-02 17:00:00;AC Monza Brianza 1912;AS Roma;Bet365;TO1;;2.2;29.17;;Favbet;TU1;;2.03;31.61;;;;;;;;3.391149999999996;-57.388850000000005;;;Football
20240301001;2024-03-01 05:46:00;2024-03-01 19:45:00;Lazio;AC Milan;Bet365;TO;;2.0;12.24;;Favbet;TU;;2.23;10.98;;;;;;;;1.2627000000000006;-21.9573;;;Football
20240301002;2024-03-01 05:46:00;2024-03-01 19:45:00;Lazio;AC Milan;BetfairSB;TO;;2.1;12.1;;Favbet;TU;;2.13;11.9;;;;;;;;1.378499999999999;-22.6215;;;Football
20240301003;2024-03-01 05:47:00;2024-03-03 16:05:00;FC Lorient;Stade Rennes;Bet365;TO1;;1.666;25.17;;Favbet;TU1;;2.81;14.92;;;;;;;;1.8392099999999996;-38.25079;;;Football
20240301004;2024-03-01 06:21:00;2024-03-02 14:00:00;Salernitana;Udinese;Bet365;TO;;2.1;8.07;;Favbet;TU;;2.18;7.77;;;;;;;;1.102800000000002;-14.737199999999998;;;Football
20240301005;2024-03-01 06:22:00;2024-03-02 14:00:00;Salernitana;Udinese;SportyBet;TO;;2.1;15.0;;Favbet;TU;;2.18;14.45;;;;;;;;2.0505000000000013;-27.399499999999996;;;Football
20240301006;2024-03-01 06:25:00;2024-03-01 19:30:00;Bayern Munich;KK Crvena Zvezda;Pinnacle;TO2;76.5;1.9;9.299;;SportyBet;TU2;76.5;2.35;75.0;;;;;;;;12.660049999999998;-71.63895;;;Basketball
20240301007;2024-03-01 06:46:00;2024-03-02 13:30:00;Chornomorets Odesa;FC Dynamo Kyiv;Vbet;TO2;;2.12;36.49;;Favbet;TU2;;2.39;32.37;;;;;;;;8.501550000000002;-60.35845;;;Football
20240301008;2024-03-01 06:47:00;2024-03-02 13:30:00;Chornomorets Odesa;FC Dynamo Kyiv;Vbet;TO2;;2.08;19.83;;Favbet;TU2;;2.2;18.75;;;;;;;;2.6682000000000023;-35.9118;;;Football
20240301009;2024-03-01 06:49:00;2024-03-02 02:00:00;Red Deer Rebels;Swift Current Broncos;Pinnacle;1;;1.574;19.29;;Pinnacle;X;;8.19;3.71;;Vbet;2;;5.5;5.52;;1.84246;-26.67754;;;Hockey
20240301010;2024-03-01 06:53:00;2024-03-02 14:00:00;Salernitana;Udinese;Bet365;TO;;1.8;21.88;;Favbet;TU;;2.58;15.27;;;;;;;;2.2403000000000013;-34.9097;;;Football
20240301011;2024-03-01 07:02:00;2024-03-02 17:00:00;AC Monza Brianza 1912;AS Roma;Bet365;TO;;1.84;43.51;;Favbet;TU;;2.44;32.81;;;;;;;;3.737400000000008;-72.58259999999999;;;Football
20240301012;2024-03-01 07:04:00;2024-03-02 13:30:00;Chornomorets Odesa;FC Dynamo Kyiv;Favbet;AH1;;1.96;46.88;;Pinnacle;AH2;;2.37;38.77;;;;;;;;6.234850000000002;-79.41515000000001;;;Football
20240301013;2024-03-01 07:15:00;2024-03-02 02:00:00;Red Deer Rebels;Swift Current Broncos;Pinnacle;1;;1.813;18.92;;Vbet;X;;5.3;2.3;;Vbet;AH2;0.25;3.45;9.94;;3.141959999999999;-28.01804;;;Hockey
20240301014;2024-03-01 07:17:00;2024-03-01 14:30:00;Aubriot A;Malige M;Vbet;AH1;1.5;1.96;13.95;;Favbet;AH2;-1.5;2.25;12.15;;;;;;;;1.2397500000000008;-24.86025;;;Tennis
20240301015;2024-03-01 07:19:00;2024-03-01 16:00:00;LNZ Cherkasy;FC Polissya;Vbet;TO2;;1.77;41.03;;Favbet;TU2;;2.63;27.61;;;;;;;;3.9787000000000035;-64.6613;;;Football
20240301016;2024-03-01 07:55:00;2024-03-03 13:00:00;Institute FC;Linfield FC;Bet365;ScoreBoth;;3.0;15.75;;Favbet;Not;;1.75;26.999;;;;;;;;4.500125000000001;-38.248875;;;Football
20240301017;2024-03-01 07:58:00;2024-03-02 15:00:00;Larne FC;Newington FC;SportyBet;CleanSheet1;;1.62;6.0;;Bet365;TO2;0.5;3.75;25.45;;;;;;;;21.12875;-10.32125;;;Football
20240301018;2024-03-01 08:03:00;2024-03-02 15:00:00;Larne FC;Newington FC;SportyBet;CleanSheet1;;1.21;34.0;;Bet365;TO2;;8.0;5.0;;;;;;;;1.5700000000000003;-37.43;;;Football
20240301019;2024-03-01 08:06:00;2024-03-02 15:00:00;Larne FC;Newington FC;Bet365;ScoreBoth;;7.0;5.83;;SportyBet;Not;;1.25;33.0;;;;;;;;2.200000000000003;-36.629999999999995;;;Football
20240301020;2024-03-01 08:07:00;2024-03-03 13:00:00;Institute FC;Linfield FC;Bet365;ScoreBoth;;3.0;19.25;;SportyBet;Not;;1.69;34.17;;;;;;;;4.32865;-49.091350000000006;;;Football
20240301021;2024-03-01 08:08:00;2024-03-03 13:00:00;Institute FC;Linfield FC;SportyBet;CleanSheet2;;1.74;65.0;;Bet365;TO1;0.5;2.75;40.0;;;;;;;;6.549999999999997;-98.45;;;Football
20240303001;2024-03-03 08:17:00;2024-03-08 00:30:00;Always Ready;Club Nacional Montevideo;Vbet;Q1;;2.05;23.32;;Favbet;Q2;;3.4;14.06;;;;;;;;10.424999999999999;-26.955000000000002;;;Football
20240303002;2024-03-03 08:20:00;2024-03-03 11:00:00;Ararat Armenia;FC Van Yerevan;Vbet;TO1;1.5;1.53;10.35;;BetfairSB;TU1;1.5;3.7;4.28;;;;;;;;1.205750000000001;-13.42425;;;Football
20240303003;2024-03-03 08:21:00;2024-03-09 14:15:00;Italy;Scotland;Vbet;AH1;16.5;1.56;13.12;;BetfairSB;EH2;-16;3.4;6.02;;;;;;;;1.3275999999999986;-17.8124;;;Rugby
20240303004;2024-03-03 08:23:00;2024-03-03 17:30:00;Girona FC;Mallorca;BetfairSB;TO;;2.25;17.82;;Favbet;TU1;;2.02;19.85;;;;;;;;2.4259999999999984;-35.244;;;Football
20240303005;2024-03-03 08:24:00;2024-03-03 14:00:00;FC Dila Gori;FC Gagra;Favbet;TO2;1;3.4;4.22;;Vbet;TU2;1;1.5;9.57;;;;;;;;0.5615000000000006;-13.2285;;;Football
20240303006;2024-03-03 08:27:00;2024-03-03 19:00:00;EC Bahia;EC Jacuipense BA;SportyBet;ScoreBoth;;2.41;13.53;;BetfairSB;Not;;1.8;18.12;;;;;;;;0.9616499999999988;-30.68835;;;Football
20240304001;2024-03-04 08:42:00;2024-03-09 14:15:00;Italy;Scotland;Vbet;AH1;16.5;1.56;13.12;;BetfairSB;EH2;-16;3.4;6.02;;;;;;;;1.3275999999999986;-17.8124;;;Rugby
20240304002;2024-03-04 08:43:00;2024-03-04 15:00:00;Doma United;Sporting Lagos;Bet365;TO;2;2.0;9.05;;Favbet;TU;2;2.27;7.97;;;;;;;;1.0759499999999997;-15.94405;;;Football
20240304003;2024-03-04 08:44:00;2024-03-04 20:00:00;Arsenal;Sheffield United;Bet365;TO2;;1.909;18.24;;Favbet;TU2;;2.39;14.57;;;;;;;;2.011230000000001;-30.798769999999998;;;Football
20240304004;2024-03-04 08:45:00;2024-03-04 19:45:00;Genoa;Inter Milan;Bet365;TO1;;2.0;17.5;;Favbet;TU1;;2.19;15.98;;;;;;;;1.5181000000000004;-31.9619;;;Football
20240304005;2024-03-04 08:50:00;2024-03-05 20:00:00;Bayern Munich;Lazio;Favbet;AH1;;2.07;4.415;;Pinnacle;AH2;;2.13;42.92;;;;;;;;2.9443249999999956;-44.39067500000001;;;Football
20240304006;2024-03-04 08:53:00;2024-03-05 20:00:00;Paris Saint-Germain;Real Sociedad;Pinnacle;AH1;;2.09;42.61;;Favbet;AH2;;2.13;41.81;;;;;;;;4.635099999999994;-79.78490000000001;;;Football
20240304007;2024-03-04 09:08:00;2024-03-10 16:30:00;GNK Dinamo Zagreb;Slaven Belupo;Favbet;TO;3;2.7;19.85;;SportyBet;TU;3;1.82;29.449;;;;;;;;4.297090000000001;-45.00191;;;Football
20240304008;2024-03-04 09:11:00;2024-03-10 16:30:00;GNK Dinamo Zagreb;Slaven Belupo;Favbet;TO2;0.5;2.98;17.05;;SportyBet;TU2;0.5;1.7;30.0;;;;;;;;3.8545000000000016;-43.195499999999996;;;Football
20240304009;2024-03-04 11:43:00;2024-03-10 16:30:00;GNK Dinamo Zagreb;Slaven Belupo;Favbet;TO;3;2.7;19.85;;SportyBet;TU;3;1.82;29.449;;;;;;;;4.297090000000001;-45.00191;;;Football
20240304010;2024-03-04 11:44:00;2024-03-10 16:30:00;GNK Dinamo Zagreb;Slaven Belupo;Favbet;TO2;0.5;2.98;17.05;;SportyBet;TU2;0.5;1.7;29.89;;;;;;;;3.871000000000002;-43.069;;;Football
20240304011;2024-03-04 11:54:00;2024-03-04 20:00:00;Arsenal;Sheffield United;Bet365;TO2;;2.1;15.91;;Favbet;TU2;;2.39;13.98;;;;;;;;3.521600000000003;-26.368399999999998;;;Football
20240304012;2024-03-04 11:58:00;2024-03-04 21:00:00;Cucuta Deportivo;Club Union Magdalena;BetfairSB;TO;;3.1;9.09;;Betfair Ex;Lay;;1.792;15.719;;;;;;;;3.3647240000000007;-21.444276;;;Football
20240304013;2024-03-04 13:44:00;2024-03-04 15:00:00;Elitzur Ramla (Wom);Ramat Hasharon (Wom);Vbet;TO;142.5;2.05;23.59;;Pinnacle;TU;143;2.13;22.7;;;;;;;;2.065249999999999;-44.22475;;;Basketball
20240304014;2024-03-04 14:12:00;2024-03-04 15:00:00;Gerard Campana Lee;Mariano Kestelboim;Betfair Ex;DNB1;;1.781;27.84;;Favbet;DNB2;;2.58;19.22;;;;;;;;2.5253200000000007;-44.534679999999994;;;Tennis
20240304015;2024-03-04 15:04:00;2024-03-04 21:00:00;Cucuta Deportivo;Club Union Magdalena;Favbet;TO;;2.44;14.06;;Betfair Ex;Lay;;1.944;17.65;;;;;;;;2.599;-29.110999999999997;;;Football
20240304016;2024-03-04 17:11:00;2024-03-04 20:00:00;Arsenal;Sheffield United;Favbet;TO1;;2.1;18.41;;Vbet;TU1;;2.15;17.98;;;;;;;;2.2689999999999984;-34.121;;;Football
20240304017;2024-03-04 17:19:00;2024-03-09 15:00:00;Alloa Athletic FC;Kelty Hearts FC;Vbet;TO;;1.52;23.819;;SportyBet;TU;;3.6;10.06;;;;;;;;2.331439999999999;-31.547560000000004;;;Football
20240304018;2024-03-04 18:27:00;2024-03-07 17:30:00;Lorenskog IK;Storhamar Dragons;1win;TO1;0.5;1.68;20.0;;Vbet;TU1;0.5;3.25;10.34;;;;;;;;3.2624999999999993;-27.0775;;;Hockey
20240304019;2024-03-04 18:42:00;2024-03-06 20:00:00;FC Copenhagen;Manchester City;BetfairSB;TO;;2.4;11.55;;Favbet;TU2;;1.95;14.21;;;;;;;;1.9547500000000007;-23.80525;;;Football
20240304020;2024-03-04 18:43:00;2024-03-06 20:00:00;FC Copenhagen;Manchester City;BetfairSB;TO;;3.3;7.53;;Favbet;TU2;;1.7;14.619;;;;;;;;2.701649999999999;-19.44735;;;Football
20240304021;2024-03-04 18:46:00;2024-03-04 21:00:00;Cucuta Deportivo;Club Union Magdalena;SportyBet;1;;2.15;7.0;;Betfair Ex;Lay;;2.317;6.5;;;;;;;;1.55525;-11.944749999999999;;;Football
20240304022;2024-03-04 20:26:00;2024-03-05 19:45:00;Coventry City;Rotherham United;Favbet;1;;1.46;20.57;;Vbet;X2;;5.7;5.27;;;;;;;;4.195599999999999;-21.6444;;;Football
20240304023;2024-03-04 20:26:00;2024-03-05 19:45:00;Coventry City;Rotherham United;BetfairSB;TO2;;4.0;4.34;;Favbet;TU2;;1.84;9.43;;;;;;;;3.5855999999999995;-10.1844;;;Football
20240304024;2024-03-04 20:27:00;2024-03-05 19:45:00;Coventry City;Rotherham United;Favbet;TO1;;2.1;10.23;;Vbet;TU1;;2.37;9.06;;;;;;;;2.1875999999999998;-17.102400000000003;;;Football
20240304025;2024-03-04 22:53:00;2024-03-09 15:00:00;Annan Athletic FC;Queen Of The South;Vbet;TO;;1.51;24.3;;SportyBet;TU;;3.9;9.41;;;;;;;;2.985999999999997;-30.724000000000004;;;Football
20240304026;2024-03-04 22:55:00;2024-03-05 19:45:00;Birmingham City;Hull City;Favbet;TO;;2.31;15.55;;Bet365;TU;;1.95;18.42;;;;;;;;1.9497500000000016;-32.020250000000004;;;Football
20240304027;2024-03-04 22:56:00;2024-03-06 20:00:00;FC Copenhagen;Manchester City;SportyBet;TO2;;1.88;42.83;;Favbet;TU2;;2.42;33.27;;;;;;;;4.416899999999998;-71.6831;;;Football
20240305001;2024-03-05 05:50:00;2024-03-05 19:45:00;Blackburn Rovers;Millwall;Bet365;TO;;1.975;39.09;;BetfairSB;TU;;2.2;17.32;;BetfairSB;TU;;3.0;13.03;;7.762750000000006;-61.67725;;;Football
20240305002;2024-03-05 07:19:00;2024-03-05 20:00:00;Bristol City;Ipswich Town;BetfairSB;TO;;3.2;7.869;;Bet365;TU2;;1.666;15.12;;;;;;;;2.1963600000000003;-20.79264;;;Football
20240305003;2024-03-05 08:22:00;2024-03-05 20:00:00;Paris Saint-Germain;Real Sociedad;BetfairSB;TO;;2.4;17.41;;Favbet;TU1;;1.94;21.539;;;;;;;;2.835829999999998;-36.113170000000004;;;Football
20240305004;2024-03-05 08:23:00;2024-03-05 20:00:00;Paris Saint-Germain;Real Sociedad;BetfairSB;TO;;1.91;17.96;;Favbet;TU1;;2.44;14.06;;;;;;;;2.285000000000002;-29.735;;;Football
20240305005;2024-03-05 18:05:00;2024-03-05 19:00:00;Fleetwood Town U21;Hull City U21;Pinnacle;AH1;0;1.943;11.0;;Favbet;AH2;0;2.41;7.98;;;;;;;;1.3224000000000018;-17.6576;;;Football
20240305006;2024-03-05 18:32:00;2024-03-09 14:30:00;1.FC Heidenheim 1846;Augsburg;Vbet;AH1;;2.27;15.62;;Bet365;AH2;;1.975;17.95;;;;;;;;1.884325000000004;-31.685674999999996;;;Football
20240305007;2024-03-05 22:13:00;2024-03-09 13:00:00;Getafe;Valencia;Bet365;TO2;;1.909;11.989;;Favbet;TU2;;2.44;9.38;;;;;;;;1.5181004999999992;-19.850899500000004;;;Football
20240306001;2024-03-06 03:37:00;2024-03-09 13:00:00;Getafe;Valencia;Bet365;TO2;;1.909;11.989;;Favbet;TU2;;2.44;9.38;;;;;;;;1.5181004999999992;-19.850899500000004;;;Football
20240306002;2024-03-06 03:39:00;2024-03-06 17:45:00;Atalanta;Sporting CP;Bet365;TO2;;2.1;12.209;;Favbet;TU2;;2.11;12.15;;;;;;;;1.2786999999999988;-23.0803;;;Football
20240306003;2024-03-06 05:05:00;2024-03-06 12:00:00;NK Siroki Brijeg;FK Velez Mostar;Pinnacle;AH1;0;3.34;8.44;;Favbet;AH2;0;1.56;18.08;;;;;;;;1.6772000000000027;-24.842799999999997;;;Football
20240306004;2024-03-06 09:18:00;2024-03-06 13:45:00;ND Gorica;NK Jesenice;BetfairSB;ScoreBoth;;2.5;7.24;;Favbet;Not;;1.95;9.28;;;;;;;;1.5780000000000012;-14.941999999999998;;;Football
20240306005;2024-03-06 09:28:00;2024-03-07 13:00:00;Al Amal Women;Jeddah Club Women;Vbet;1;;1.65;13.64;;Bet365;X2;;4.5;5.0;;;;;;;;3.8629999999999995;-14.777000000000001;;;Football
20240306006;2024-03-06 09:29:00;2024-03-07 13:00:00;Al Amal Women;Jeddah Club Women;Vbet;1;;1.65;11.5;;Bet365;X;;6.5;2.92;;Bet365;2;;13.0;1.46;;3.094999999999998;-12.785;;;Football
20240306007;2024-03-06 09:32:00;2024-03-06 11:00:00;Nazilli Belediyespor;Zonguldak Komurspor;Favbet;2;;1.71;14.06;;Betfair Ex;Lay;;2.833;8.49;;;;;;;;1.4973850000000013;-21.052615;;;Football
20240306008;2024-03-06 18:38:00;2024-03-06 20:00:00;FC Copenhagen;Manchester City;Vbet;TO2;;2.13;4.39;;Favbet;TU2;;2.2;4.25;;;;;;;;0.71035;-7.92965;;;Football
20240306009;2024-03-06 18:39:00;2024-03-06 20:00:00;FC Copenhagen;Manchester City;Favbet;TO;;2.43;8.38;;Vbet;TU;;1.95;10.44;;;;;;;;1.5406999999999993;-17.2793;;;Football
20240306010;2024-03-06 18:41:00;2024-03-06 20:00:00;RB Leipzig;Real Madrid;BetfairSB;TO1;;2.8;24.12;;Favbet;TU1;;1.72;39.27;;;;;;;;4.150199999999998;-59.2398;;;Football
20240306011;2024-03-06 18:42:00;2024-03-06 20:00:00;RB Leipzig;Real Madrid;BetfairSB;TO1;;1.85;43.27;;Favbet;TU1;;2.44;32.81;;;;;;;;3.9729500000000044;-72.10705;;;Football
20240306012;2024-03-06 18:45:00;2024-03-09 13:00:00;Getafe;Valencia;Bet365;TO;;1.95;25.09;;Favbet;TU;;2.23;21.94;;;;;;;;1.8958499999999994;-45.134150000000005;;;Football
20240306013;2024-03-06 18:45:00;2024-03-09 13:00:00;Getafe;Valencia;Bet365;TO2;;1.909;41.94;;Favbet;TU2;;2.44;32.81;;;;;;;;5.309930000000001;-69.44006999999999;;;Football
20240306014;2024-03-06 18:47:00;2024-03-09 21:30:00;Minnesota RØKKR;Seattle Surge;Favbet;DNB1;;2.2;7.66;;Pinnacle E-sports;DNB2;;2.04;8.26;;;;;;;;0.9312000000000005;-14.9888;;;e-Sports
20240306015;2024-03-06 18:48:00;2024-03-07 16:00:00;FC Dynamo Kyiv;Veres;Pinnacle;TO;;2.31;20.56;;Favbet;TU;;1.9;25.0;;;;;;;;1.9368000000000016;-43.6232;;;Football
20240306016;2024-03-06 18:48:00;2024-03-07 16:00:00;FC Dynamo Kyiv;Veres;Pinnacle;TO;;1.943;20.77;;Favbet;TU;;2.26;17.86;;;;;;;;1.7298550000000006;-36.900144999999995;;;Football
20240306017;2024-03-06 19:32:00;2024-03-06 20:00:00;FC Copenhagen;Manchester City;SportyBet;TO;;1.87;10.9;;Favbet;TU;;2.83;7.2;;;;;;;;2.2795000000000014;-15.8205;;;Football
20240307001;2024-03-07 03:53:00;2024-03-07 17:45:00;Liverpool;Sparta Prague;Favbet;TO1;;2.2;11.25;;Bet365;TU1;;2.375;10.42;;;;;;;;3.078750000000001;-18.59125;;;Football
20240307002;2024-03-07 03:55:00;2024-03-07 11:35:00;Fujian Sturgeons;Shanxi Loongs;Favbet;1;;2.76;5.75;;Bet365;AH2;;1.9;8.35;;;;;;;;1.7674999999999992;-12.3325;;;Basketball
20240307003;2024-03-07 03:57:00;2024-03-07 20:00:00;Benfica;Rangers;Bet365;TO2;;1.909;12.16;;Favbet;TU2;;2.39;9.71;;;;;;;;1.3401700000000023;-20.529829999999997;;;Football
20240307004;2024-03-07 03:58:00;2024-03-07 17:00:00;Ignacio Capella;Yazid Chouchane;1win;DNB1;;2.6;300.0;;Pinnacle;DNB2;;1.763;442.43;;;;;;;;37.572045;-704.857955;;;MMA
20240307005;2024-03-07 04:01:00;2024-03-08 11:00:00;SC Dnipro-1;Rukh Lviv;Vbet;AH1;;2.0;41.57;;Favbet;AH2;;2.18;38.14;;;;;;;;3.4326000000000008;-76.2774;;;Football
20240307006;2024-03-07 05:58:00;2024-03-07 16:00:00;Kevin Del;Younes Najid;Favbet;DNB1;;4.25;6.23;;BetfairSB;DNB2;;1.44;18.39;;;;;;;;1.8595500000000005;-22.76045;;;MMA
20240307007;2024-03-07 06:11:00;2024-03-07 18:00:00;GODSENT;Passion UA;SportyBet;DNB1;;2.09;15.0;;Favbet;DNB2;;2.16;14.509;;;;;;;;1.8357200000000002;-27.67328;;;e-Sports
20240307008;2024-03-07 06:12:00;2024-03-14 01:05:00;CF Atlante;CD Tepatitlan de Morelos;Pinnacle;TO;2;1.746;297.82;;1win;TU;2;2.6;200.0;;;;;;;;22.176859999999976;-475.64314;;;Football
20240307009;2024-03-07 06:20:00;2024-03-08 18:00:00;OSC Bremerhaven;SC Vahr Blockdiek;Vbet;TU;4;1.87;8.55;;BetfairSB;TO;3.5;2.05;3.65;;BetfairSB;TO;4.5;3.5;2.4;;1.3885000000000014;-13.2115;;;Football
20240307010;2024-03-07 06:42:00;2024-03-09 15:00:00;Preston North End;Stoke City;Pinnacle;AH2;;1.847;44.97;;Bet365;AH1;;1.85;20.59;;Bet365;EH1;;3.2;14.05;;3.4495900000000006;-76.16041;;;Football
20240307011;2024-03-07 07:16:00;2024-03-08 19:00:00;Fenix Toulouse;USAM Nimes;Pinnacle;TO;60.5;2.36;17.8;;Bet365;TU;60.5;2.0;21.0;;;;;;;;3.2040000000000006;-35.596000000000004;;;Handball
20240307012;2024-03-07 11:41:00;2024-03-07 17:45:00;Club Brugge;Molde FK;Favbet;Q1;;1.47;215.43;;Vbet;Q2;;3.63;87.24;;;;;;;;14.011649999999989;-288.65835000000004;;;Football
20240307013;2024-03-07 11:42:00;2024-03-07 12:00:00;Borneo FC Samarinda;Persebaya Surabaya;Vbet;TO2;1;2.95;12.68;;Favbet;TU2;1;1.67;22.4;;;;;;;;2.326999999999998;-32.753;;;Football
20240307014;2024-03-07 12:51:00;2024-03-09 17:30:00;Granada;Real Sociedad;Bet365;TO1;;2.1;12.089;;BetfairSB;TU1;;2.05;12.39;;;;;;;;0.9141999999999992;-23.5648;;;Football
20240307015;2024-03-07 13:07:00;2024-03-07 17:45:00;Maccabi Tel Aviv FC;Olympiacos Piraeus;Bet365;EH1;;3.4;7.29;;Favbet;X;;4.9;2.76;;Favbet;AH2;;2.2;11.27;;3.4659999999999993;-17.854;;;Football
20240307016;2024-03-07 13:38:00;2024-03-08 18:45:00;Portimonense SC;FC Porto;Vbet;1X;;5.3;9.83;;BetfairSB;2;;1.5;34.74;;;;;;;;7.534499999999998;-37.035500000000006;;;Football
20240307017;2024-03-07 15:04:00;2024-03-09 15:00:00;Kremser SC;FC Mauerwerk;Favbet;1;;1.57;17.76;;Vbet;X;;7.2;3.87;;Vbet;2;;7.7;3.62;;2.6332000000000004;-22.6168;;;Football
20240307018;2024-03-07 15:06:00;2024-03-07 16:30:00;Hermes Kokkola;Koo-vee;Pinnacle;1;;2.22;19.71;;Vbet;X;;4.7;2.63;;Vbet;AH2;0.25;2.3;19.02;;2.3962000000000074;-38.96379999999999;;;Hockey
20240307019;2024-03-07 15:07:00;2024-03-07 16:00:00;FC Dynamo Kyiv;Veres;Pinnacle;TO;;1.952;41.34;;Favbet;TU;;2.26;35.71;;;;;;;;3.6501400000000004;-73.39986;;;Football
20240307020;2024-03-07 15:17:00;2024-03-07 15:45:00;Al Wahda;CS Sagesse;Pinnacle;AH1;;1.943;6.94;;Bwin;AH2;;2.5;5.39;;;;;;;;1.1497100000000007;-11.18029;;;Basketball
20240307021;2024-03-07 15:26:00;2024-03-09 15:15:00;GS Lavriou;Olympiacos Piraeus BC;Vbet;AH1;23.5;1.869;20.866;;1win;AH2;-23.5;2.6;150.0;;;;;;;;43.63327700000001;-127.232723;;;Basketball
20240307022;2024-03-07 17:44:00;2024-03-08 19:30:00;VfB Stuttgart;1;Bet365;AH1;;2.0;17.5;;Favbet;AH2;;2.32;15.09;;;;;;;;2.4144000000000005;-30.1756;;;1
20240307023;2024-03-07 17:46:00;2024-03-08 19:30:00;VfB Stuttgart;1;Favbet;AH2;;1.46;42.79;;Pinnacle;AH1;;2.43;8.1;;Bet365;EH1;;5.5;7.78;;3.803399999999999;-54.866600000000005;;;1
20240307024;2024-03-07 18:43:00;2024-03-10 14:00:00;Brighton and Hove Albion;Nottingham Forest;Bwin;TO;;7.5;5.39;;Vbet;TU;;1.63;24.8;;;;;;;;10.234499999999997;-19.955500000000004;;;Football
20240307025;2024-03-07 18:47:00;2024-03-08 11:00:00;SC Dnipro-1;Rukh Lviv;Bet365;TO;;2.0;17.5;;Favbet;TU;;2.22;15.77;;;;;;;;1.7347000000000001;-31.5353;;;Football
20240307026;2024-03-07 18:50:00;2024-03-12 00:15:00;Deportivo Riestra;Independiente Rivadavia;Vbet;TU;3.75;1.35;118.58;;SportyBet;TO;3.5;5.2;19.38;;Bwin;TO;4.5;11.0;5.39;;16.733;-126.61699999999999;;;Football
20240307027;2024-03-07 22:19:00;2024-03-09 10:00:00;Atalanta U19;Sassuolo U19;Vbet;TO;3;1.89;9.18;;Favbet;TU;3;2.4;7.23;;;;;;;;0.9410999999999987;-15.468900000000001;;;Football
20240307028;2024-03-07 23:55:00;2024-03-14 20:00:00;Liverpool;AC Sparta Praha;SportyBet;X;;7.32;76.67;;Favbet;12;;1.22;460.0;;;;;;;;24.54219999999998;-512.1278;;;Football
20240308001;2024-03-08 03:03:00;2024-03-08 11:00:00;SC Dnipro-1;Rukh Lviv;Vbet;TO1;;2.5;20.25;;Favbet;TU1;;1.8;28.129;;;;;;;;2.249600000000001;-46.129400000000004;;;Football
20240308002;2024-03-08 03:05:00;2024-03-09 14:30:00;Heroic;OG;Favbet;DNB1;;1.44;40.5;;SportyBet;DNB2;;3.88;15.0;;;;;;;;2.759999999999998;-52.74;;;e-Sports
20240308003;2024-03-08 03:08:00;2024-03-12 13:30:00;FC Dynamo Kyiv;FC Zorya Luhansk;Pinnacle;TO;3;2.49;101.66;;Favbet;TU;3;1.8;140.63;;;;;;;;10.843700000000013;-231.44629999999998;;;Football
20240308004;2024-03-08 03:10:00;2024-03-09 16:00:00;FC Lorient;Olympique Lyonnais;Bet365;TO1;;1.727;25.29;;Favbet;TU1;;2.62;16.67;;;;;;;;1.7156149999999997;-40.244385;;;Football
20240308005;2024-03-08 03:11:00;2024-03-10 11:30:00;Lecce;Verona;Bet365;TO;;3.4;23.82;;Favbet;TU;;1.5;54.0;;;;;;;;3.1739999999999995;-74.646;;;Football
20240308006;2024-03-08 03:11:00;2024-03-08 23:00:00;CS Dock Sud;Excursionistas;Bet365;DNB1;;2.375;19.31;;Favbet;AH2;0;1.88;24.4;;;;;;;;2.1566249999999982;-41.553375;;;Football
20240308007;2024-03-08 03:25:00;2024-03-09 13:30:00;1.BFK Frydlant;MFK Frydek Mistek;SportyBet;1X;;2.6;7.0;;Vbet;2;;1.85;9.84;;;;;;;;1.362;-15.478;;;Football
20240308008;2024-03-08 03:58:00;2024-03-09 13:30:00;FK Banik Most-Sous;TJ Sokol Zivanice;Vbet;AH1;0;1.62;39.88;;SportyBet;DNB2;;3.5;18.46;;;;;;;;6.267800000000001;-52.0722;;;Football
20240308009;2024-03-08 03:58:00;2024-03-09 13:30:00;FK Banik Most-Sous;TJ Sokol Zivanice;Vbet;AH1;0;1.62;39.88;;SportyBet;DNB2;;3.5;18.46;;;;;;;;6.267800000000001;-52.0722;;;Football
20240308010;2024-03-08 03:59:00;2024-03-09 13:30:00;FK Banik Most-Sous;TJ Sokol Zivanice;Vbet;1;;2.18;20.95;;SportyBet;X2;;2.1;21.75;;;;;;;;2.9730000000000025;-39.727;;;Football
20240308011;2024-03-08 05:15:00;2024-03-09 17:00:00;CD Guadalajara SAD;UD Montijo;Favbet;TO;2;2.0;20.25;;Pinnacle;TU;2;2.48;16.33;;;;;;;;3.9192;-32.660799999999995;;;Football
20240308012;2024-03-08 05:17:00;2024-03-09 17:00:00;Espanyol B;Lleida Esportiu;Pinnacle;AH1;0;2.14;18.65;;Favbet;AH2;0;2.03;19.66;;;;;;;;1.6004000000000005;-36.709599999999995;;;Football
20240308013;2024-03-08 05:26:00;2024-03-08 23:00:00;Monagas SC;Portuguesa FC;Pinnacle;AH1;0;1.99;18.59;;Favbet;AH2;0;2.21;16.74;;;;;;;;1.6647500000000015;-33.66525;;;Football
